{
"type": "FeatureCollection",
"name": "metro_watersheds",
"crs": { "type": "name", "properties": { "name": "urn:ogc:def:crs:OGC:1.3:CRS84" } },
"features": [
{ "type": "Feature", "properties": { "NAME": "BLACK DOG", "TYPE": "WMO", "id": "black-dog" }, "geometry": { "type": "Polygon", "coordinates": [ [ [ -93.248054006512405, 44.804852856460911 ], [ -93.227718633221684, 44.804795797973441 ], [ -93.227741264077537, 44.801151160627278 ], [ -93.223173558564199, 44.801128108267783 ], [ -93.225190032712561, 44.79778304909091 ], [ -93.227760811237715, 44.798002620201373 ], [ -93.22783850749174, 44.779944681427452 ], [ -93.223641330747, 44.780155430594696 ], [ -93.223201317571863, 44.775846311318432 ], [ -93.220981619898168, 44.775856842119396 ], [ -93.222402903478965, 44.774977619220927 ], [ -93.222201631773942, 44.769639388405068 ], [ -93.225292557109228, 44.768912808326732 ], [ -93.222542622044287, 44.764524022764476 ], [ -93.223984485860043, 44.7608971563252 ], [ -93.238005413184354, 44.755416549929969 ], [ -93.237970705886497, 44.757417242937095 ], [ -93.24067983162324, 44.757268771203982 ], [ -93.239921657643379, 44.760239312402696 ], [ -93.256869448022911, 44.76066924182269 ], [ -93.256589690117451, 44.758305434593538 ], [ -93.260429298376863, 44.759190767271825 ], [ -93.261557835560041, 44.754659149931314 ], [ -93.263211239923152, 44.754177350901571 ], [ -93.26396426157973, 44.756585899517177 ], [ -93.265748027588231, 44.755834858072085 ], [ -93.265719287607254, 44.753706613099723 ], [ -93.275082832861941, 44.753633909952676 ], [ -93.273010077824949, 44.753376054737103 ], [ -93.272610613327601, 44.751293360314179 ], [ -93.274885869939482, 44.749975492496944 ], [ -93.274608295887418, 44.74640320152691 ], [ -93.264916357669918, 44.746465838729769 ], [ -93.26505955036815, 44.745025751477236 ], [ -93.262578308003313, 44.743741946098105 ], [ -93.263252216043469, 44.740787310438577 ], [ -93.252689274125245, 44.738963638174994 ], [ -93.25144524515575, 44.736621075034741 ], [ -93.247386909529524, 44.73672578953785 ], [ -93.242974553854481, 44.739182738360356 ], [ -93.233039434410145, 44.739164828428521 ], [ -93.233028717906024, 44.731894175721486 ], [ -93.238127301313384, 44.731272852848626 ], [ -93.217746733134803, 44.731866989632188 ], [ -93.217750512397387, 44.726641342229748 ], [ -93.227973261862573, 44.724622524970535 ], [ -93.227992251743814, 44.720839234083755 ], [ -93.232974620744656, 44.719029662166413 ], [ -93.233095850600662, 44.717426245339894 ], [ -93.24070952509949, 44.717435213230729 ], [ -93.243884408337294, 44.714490439706395 ], [ -93.243825614699958, 44.712678300718082 ], [ -93.249391649534815, 44.712772603721646 ], [ -93.251582459673841, 44.710183910495211 ], [ -93.258379081508124, 44.707880646551146 ], [ -93.258320518307471, 44.703044903665365 ], [ -93.262748325321439, 44.703507793207613 ], [ -93.265610620398135, 44.700979801587316 ], [ -93.26460601696688, 44.698367380676622 ], [ -93.271741098877143, 44.694667421812547 ], [ -93.26891285458828, 44.692174874880749 ], [ -93.270722024874161, 44.686271670125848 ], [ -93.278780977324757, 44.684987096510895 ], [ -93.280966769285399, 44.688212197074428 ], [ -93.285757216139956, 44.68750273380671 ], [ -93.28383402703497, 44.684292900279665 ], [ -93.284796702250659, 44.684184346253588 ], [ -93.28817470971822, 44.688596021448184 ], [ -93.293306654954463, 44.688600220065993 ], [ -93.299794894331313, 44.69382573440145 ], [ -93.308300309960558, 44.690286276836893 ], [ -93.306953199879274, 44.68859977807557 ], [ -93.313344987724477, 44.688597252619203 ], [ -93.313305578554136, 44.681357717532833 ], [ -93.315205344179148, 44.681358865662794 ], [ -93.313257215389243, 44.674126197373305 ], [ -93.318331109475167, 44.674124921483433 ], [ -93.318341206535919, 44.717552433859169 ], [ -93.328478546772189, 44.717562427437691 ], [ -93.328721677489028, 44.767912558242742 ], [ -93.288867968796325, 44.768125146001154 ], [ -93.288664257222337, 44.774938153967625 ], [ -93.280868168281501, 44.775864386551468 ], [ -93.268428151369577, 44.781849402166806 ], [ -93.268391986511105, 44.790338825428755 ], [ -93.25819845351451, 44.790342814493876 ], [ -93.258337165129092, 44.797615413337702 ], [ -93.24804083309715, 44.797707272599098 ], [ -93.248054006512405, 44.804852856460911 ] ] ] } },
{ "type": "Feature", "properties": { "NAME": "SUNRISE RIVER", "TYPE": "WMO", "id": "sunrise-river" }, "geometry": { "type": "Polygon", "coordinates": [ [ [ -93.162880246161947, 45.41430578863713 ], [ -93.019554496239422, 45.411747080401476 ], [ -93.018497735890321, 45.382687494487982 ], [ -93.01949811963064, 45.275621204179842 ], [ -93.024582115382842, 45.275659448021187 ], [ -93.024559735242534, 45.282881972598204 ], [ -93.029642468668072, 45.282919657462344 ], [ -93.029609385505978, 45.286545063777353 ], [ -93.049979252548695, 45.286647456992341 ], [ -93.049987145073928, 45.27944048230502 ], [ -93.080430700275855, 45.279652517591877 ], [ -93.080359672819213, 45.272425664444235 ], [ -93.090547490752414, 45.272450095560643 ], [ -93.090599951458671, 45.283112665154704 ], [ -93.09569980923078, 45.283128719640636 ], [ -93.095968949075925, 45.290499039605258 ], [ -93.100915775535398, 45.290504122190221 ], [ -93.101158727879437, 45.300886365808232 ], [ -93.121985304930746, 45.300904793454059 ], [ -93.121901525919313, 45.297239275744374 ], [ -93.126797250464136, 45.297270303479742 ], [ -93.126733350868193, 45.290421820744669 ], [ -93.146800715960495, 45.290608555252646 ], [ -93.14684285101788, 45.28697138503145 ], [ -93.157200926521838, 45.28761225300083 ], [ -93.157293715865038, 45.283902265421872 ], [ -93.162774241178795, 45.284093329090588 ], [ -93.16355321442866, 45.290683901884492 ], [ -93.172822723500019, 45.290863047376945 ], [ -93.172956176627423, 45.28391595533482 ], [ -93.188850059809198, 45.283799816118979 ], [ -93.188835496637111, 45.29492940289046 ], [ -93.20396908212652, 45.295012276677291 ], [ -93.203703767239091, 45.297753065070388 ], [ -93.205984381190319, 45.297793036077486 ], [ -93.21002433513074, 45.305079464972593 ], [ -93.204097760936108, 45.305050998833977 ], [ -93.205094600338171, 45.319537534994758 ], [ -93.199987747527459, 45.319530578306171 ], [ -93.20054658005273, 45.334086143679755 ], [ -93.195323552668356, 45.334050357163015 ], [ -93.191144117132964, 45.344985373025843 ], [ -93.192911148480221, 45.345001960458298 ], [ -93.192911894327622, 45.352264827274936 ], [ -93.185209688452659, 45.352215714349462 ], [ -93.185043265368165, 45.362237293298413 ], [ -93.179995849936503, 45.363119099552065 ], [ -93.178896063054367, 45.370518658184245 ], [ -93.174864474556955, 45.370342815094709 ], [ -93.173363378887501, 45.381234701433314 ], [ -93.183489079887124, 45.381328819882704 ], [ -93.1833473034159, 45.38323322332414 ], [ -93.188473013026965, 45.383220045975627 ], [ -93.188303669369844, 45.392401399841582 ], [ -93.162844883643643, 45.392424005044091 ], [ -93.162961384735411, 45.396027596273882 ], [ -93.15771125082388, 45.395973392582071 ], [ -93.157672884025089, 45.406685051764157 ], [ -93.162861443184724, 45.408763391267797 ], [ -93.162880246161947, 45.41430578863713 ] ] ] } },
{ "type": "Feature", "properties": { "NAME": "CARVER COUNTY", "TYPE": "COU", "id": "carver-county" }, "geometry": { "type": "Polygon", "coordinates": [ [ [ -94.012073041988685, 44.978309069177911 ], [ -93.767286921379423, 44.977715331475821 ], [ -93.767535686485402, 44.916530067631619 ], [ -93.776856391457216, 44.916394251909885 ], [ -93.776613905502373, 44.908479263876451 ], [ -93.769549948452351, 44.908527084020513 ], [ -93.767676086594335, 44.907050178505443 ], [ -93.767991007591888, 44.88577560689599 ], [ -93.76470887870299, 44.883916192169679 ], [ -93.764937580794125, 44.879197554871176 ], [ -93.762077625053251, 44.873855914658314 ], [ -93.758143351422319, 44.872158194544575 ], [ -93.756380216509314, 44.867335743009754 ], [ -93.757819110437637, 44.862825135843821 ], [ -93.744771851862481, 44.862217806287383 ], [ -93.745572377347656, 44.847746125183072 ], [ -93.725232604560915, 44.847865155766037 ], [ -93.725018338298682, 44.840586709202121 ], [ -93.713463454059678, 44.840766405927404 ], [ -93.713411543070364, 44.826595885522622 ], [ -93.70357883359614, 44.826656887176803 ], [ -93.703378738164531, 44.819106643194843 ], [ -93.672739684439918, 44.819728986996552 ], [ -93.672544364128697, 44.827066931898536 ], [ -93.646478908946179, 44.826763594021905 ], [ -93.647881499953755, 44.836258734850588 ], [ -93.652508022273054, 44.839075059332593 ], [ -93.657015836616537, 44.848812067547463 ], [ -93.642589600263634, 44.848999748718427 ], [ -93.64250386931424, 44.856538521550647 ], [ -93.587216318820509, 44.855970926073205 ], [ -93.587178561571491, 44.851983165519968 ], [ -93.581991072261616, 44.851906194703268 ], [ -93.577699107289021, 44.844208630516697 ], [ -93.581510036090762, 44.842735438426345 ], [ -93.579975538940502, 44.840933804656345 ], [ -93.576399719907997, 44.841113947580446 ], [ -93.57314123550735, 44.835814560229032 ], [ -93.572823762452629, 44.833979707306689 ], [ -93.577114089541254, 44.833971610327161 ], [ -93.5769170310774, 44.826464777517778 ], [ -93.572015185453481, 44.826498437151919 ], [ -93.572023179221148, 44.822830000139327 ], [ -93.562651112368698, 44.822466958443819 ], [ -93.551589214146162, 44.813424186974238 ], [ -93.581726312565024, 44.811960327065279 ], [ -93.581616817148131, 44.805155201695563 ], [ -93.592026113152556, 44.80515572776148 ], [ -93.592082356420633, 44.798214711532466 ], [ -93.601894598097076, 44.79821743201466 ], [ -93.601827366473742, 44.789278552888078 ], [ -93.60777344263569, 44.787073018092769 ], [ -93.618434032710084, 44.776357100978217 ], [ -93.642340679293, 44.776351170412092 ], [ -93.642736953528043, 44.758344361168326 ], [ -93.614484610389553, 44.757865208952829 ], [ -93.608954201804465, 44.754563978215685 ], [ -93.60969176375724, 44.752052899015297 ], [ -93.613474808810366, 44.749300436957569 ], [ -93.621550742578165, 44.753199783430098 ], [ -93.622367688011153, 44.74640308562585 ], [ -93.630993358644162, 44.738001591302776 ], [ -93.628658825340196, 44.731055656244948 ], [ -93.632573607215534, 44.724484828333658 ], [ -93.624618491056495, 44.72406499319888 ], [ -93.626361048660613, 44.716565482687678 ], [ -93.618274598071253, 44.707040020313634 ], [ -93.629551151932858, 44.701473454261176 ], [ -93.63046131226038, 44.697925990611978 ], [ -93.636025885058061, 44.69698589368042 ], [ -93.641728890612484, 44.692668846195701 ], [ -93.649191806586188, 44.695228362148548 ], [ -93.651838909048536, 44.691625825587245 ], [ -93.655460714463729, 44.689926146794754 ], [ -93.65871284653366, 44.69487676375649 ], [ -93.663180148348644, 44.696417327465923 ], [ -93.676193298892485, 44.691781301423568 ], [ -93.679181236570614, 44.686555676063449 ], [ -93.697821964103667, 44.669613257128987 ], [ -93.711421580634806, 44.668034944170962 ], [ -93.720730086326967, 44.664029005747977 ], [ -93.720959693058575, 44.661817454747222 ], [ -93.715557328046629, 44.65879959923825 ], [ -93.715954283175023, 44.657104649101683 ], [ -93.721036293264589, 44.654831063540968 ], [ -93.728726949876048, 44.656236146794548 ], [ -93.730302181669401, 44.652517069272726 ], [ -93.738225134940762, 44.645894324902812 ], [ -93.759461554637994, 44.643873558511828 ], [ -93.760093438035753, 44.641474694627298 ], [ -93.755749971090992, 44.637871017046237 ], [ -93.755601596509607, 44.634757136747304 ], [ -93.761376464494717, 44.634997860237917 ], [ -93.762832843711564, 44.638647653982254 ], [ -93.767899997198967, 44.640198132837313 ], [ -93.767769925754905, 44.673319055485955 ], [ -93.888482835919746, 44.673298944711895 ], [ -93.888294620828844, 44.716912518382927 ], [ -93.990396719257575, 44.71723397448163 ], [ -93.98938198538589, 44.731513727776793 ], [ -93.979159377494099, 44.731481498414659 ], [ -93.979993082159851, 44.745703597415499 ], [ -94.010034874304196, 44.746238784531563 ], [ -94.00970851946856, 44.760722976887394 ], [ -94.004040258372228, 44.760829289040814 ], [ -94.003443960292245, 44.765066375669903 ], [ -94.009361072269471, 44.764847984027988 ], [ -94.008975711015097, 44.767902631531946 ], [ -94.000343071963869, 44.767947371660078 ], [ -94.00035375328352, 44.775383157552916 ], [ -94.005228871996266, 44.775484383710499 ], [ -94.00528465963653, 44.782568674344965 ], [ -94.010256763350583, 44.782578809183995 ], [ -94.009119150200391, 44.804553320708656 ], [ -94.010186013015911, 44.804529842782827 ], [ -94.010092108505958, 44.833709788209347 ], [ -94.008509254251067, 44.833750261672911 ], [ -94.008948398740571, 44.837539601941508 ], [ -94.002618922285123, 44.836816963989321 ], [ -94.002639965928338, 44.838873775928462 ], [ -93.998393126894683, 44.840645722730635 ], [ -93.998765554036908, 44.849815801943272 ], [ -93.990650470555181, 44.850726238338041 ], [ -93.990645468256929, 44.854286632640367 ], [ -93.993457882553827, 44.85427132204665 ], [ -93.993766335665484, 44.85618791218041 ], [ -94.000534923091791, 44.856155518959291 ], [ -94.000570134567468, 44.858426611598453 ], [ -94.005027456547751, 44.858504497476993 ], [ -94.005164944004548, 44.862450725305095 ], [ -94.009568485511082, 44.862443386893538 ], [ -94.009575638355585, 44.891947749835772 ], [ -94.011848724231015, 44.892031155200293 ], [ -94.012073041988685, 44.978309069177911 ] ], [ [ -93.609552149991302, 44.793252588270356 ], [ -93.605980731916532, 44.790467393216822 ], [ -93.606099298094705, 44.792510275375662 ], [ -93.608581816859498, 44.79310022389091 ], [ -93.611805326277576, 44.797930710047929 ], [ -93.609552149991302, 44.793252588270356 ] ], [ [ -93.610077591226457, 44.798088489796093 ], [ -93.607108343246225, 44.798014290695143 ], [ -93.607088502205329, 44.800832097361464 ], [ -93.610106144753374, 44.803534691255464 ], [ -93.610077591226457, 44.798088489796093 ] ] ] } },
{ "type": "Feature", "properties": { "NAME": "BASSETT CREEK", "TYPE": "WMO", "id": "bassett-creek" }, "geometry": { "type": "Polygon", "coordinates": [ [ [ -93.400716029303382, 45.043708737607844 ], [ -93.400696410766884, 45.037146448271585 ], [ -93.398210767625059, 45.036862581520261 ], [ -93.39833991011389, 45.035232792691218 ], [ -93.395685869178436, 45.034908949701155 ], [ -93.395616386838043, 45.033288853268758 ], [ -93.39147166182623, 45.033910762187148 ], [ -93.389453545218387, 45.036316660759908 ], [ -93.388687510884836, 45.032988577753656 ], [ -93.385498550716363, 45.032679819990761 ], [ -93.385443443178119, 45.029020742521546 ], [ -93.380373479302705, 45.028934219482913 ], [ -93.380372612821162, 45.025509005553218 ], [ -93.37479063777775, 45.025509456691488 ], [ -93.374827875655384, 45.027264702094563 ], [ -93.370406773175645, 45.029102007964681 ], [ -93.370369416341873, 45.025708419003642 ], [ -93.365883675233022, 45.025497831042024 ], [ -93.364044807085506, 45.023824855376596 ], [ -93.359846942561632, 45.02382465662334 ], [ -93.35984100541701, 45.025282981202444 ], [ -93.357003705785544, 45.023446498650948 ], [ -93.355390636598926, 45.025328423395131 ], [ -93.344438676658172, 45.025285463058054 ], [ -93.342405455060131, 45.024040314629623 ], [ -93.341737859873874, 45.020504570784496 ], [ -93.328772765377323, 45.020403100960706 ], [ -93.328657660198175, 45.016645140001586 ], [ -93.320123036565519, 45.01316764137966 ], [ -93.303534037160702, 45.013140920896674 ], [ -93.303566701337601, 45.014819689328824 ], [ -93.302238416147702, 45.014805208467095 ], [ -93.30171059264292, 45.011642434129897 ], [ -93.294774955307105, 45.011584029973228 ], [ -93.295349964776719, 45.007720724269959 ], [ -93.298547489478253, 45.007671901706523 ], [ -93.298076493355751, 45.002416011312228 ], [ -93.30338199547252, 45.00357229061693 ], [ -93.308489610106164, 45.000547464803041 ], [ -93.309770399249672, 44.993279439047697 ], [ -93.298055383506693, 44.992914528665921 ], [ -93.298384249436282, 44.990586668441267 ], [ -93.291827438931506, 44.991791867348624 ], [ -93.289661225080948, 44.988394647803155 ], [ -93.288140519264331, 44.97968010403558 ], [ -93.285441371782156, 44.981046177736026 ], [ -93.287256190671158, 44.989431445037958 ], [ -93.284379055385131, 44.992098719237617 ], [ -93.274822587503195, 44.992216635948367 ], [ -93.273217999375802, 44.991009724973011 ], [ -93.27405643560634, 44.990422589873376 ], [ -93.26785983146074, 44.987444145071763 ], [ -93.283685974533512, 44.978737048244724 ], [ -93.283025014249773, 44.975948079715835 ], [ -93.290087801371101, 44.975903352367986 ], [ -93.294505896092986, 44.973231963446878 ], [ -93.293305647893334, 44.968680054046509 ], [ -93.295255059390001, 44.966924146199091 ], [ -93.305391240129921, 44.969841137729247 ], [ -93.33347916005998, 44.970005628309757 ], [ -93.339484609749505, 44.968808675737009 ], [ -93.341619719129341, 44.966929897648669 ], [ -93.342082954711813, 44.963795821484723 ], [ -93.344735507167769, 44.962815631026487 ], [ -93.342641946527436, 44.968236623095152 ], [ -93.343553772691294, 44.969629190017002 ], [ -93.354926051828798, 44.970211048707725 ], [ -93.354998155684811, 44.968023344548762 ], [ -93.357241660864247, 44.968691496981798 ], [ -93.359114514103226, 44.965584441555215 ], [ -93.365957712202928, 44.962186974335125 ], [ -93.37037994154457, 44.963824582391538 ], [ -93.371486258321909, 44.969042137343386 ], [ -93.381493193325099, 44.970953574667142 ], [ -93.381482169329288, 44.968752628778006 ], [ -93.383982960349002, 44.968672232101007 ], [ -93.385767351616821, 44.965470516189974 ], [ -93.386149029443629, 44.960225569851367 ], [ -93.39134971444426, 44.960233495512803 ], [ -93.391376645976777, 44.958580317255219 ], [ -93.395155091258388, 44.956837240883559 ], [ -93.396205202793084, 44.965179932772308 ], [ -93.405864327675189, 44.963942541912388 ], [ -93.40589113103853, 44.965945387638016 ], [ -93.408890989095212, 44.967640561542225 ], [ -93.408498638994089, 44.969644905301777 ], [ -93.410541947866321, 44.970429752000406 ], [ -93.413078728556258, 44.968071089093009 ], [ -93.417132658274582, 44.967363201748711 ], [ -93.418240348309155, 44.963942898813578 ], [ -93.41616720395109, 44.963288826467299 ], [ -93.425976423164343, 44.959836405655558 ], [ -93.430553297188865, 44.961444101358047 ], [ -93.429099163035175, 44.958312380772995 ], [ -93.433732885926062, 44.956899567498162 ], [ -93.436251168317483, 44.959937149942675 ], [ -93.438898427831418, 44.960003523834587 ], [ -93.440188043027518, 44.963567848192419 ], [ -93.444363938851282, 44.962831517506821 ], [ -93.444437024187536, 44.963983487093223 ], [ -93.442193123123971, 44.964145231141103 ], [ -93.444811209838576, 44.971075588764847 ], [ -93.440159585300862, 44.972074826430713 ], [ -93.443950049259541, 44.974927281442682 ], [ -93.445108102385291, 44.978564067961912 ], [ -93.447717083047408, 44.978540366775519 ], [ -93.448083667607349, 44.980825426546239 ], [ -93.457473369428797, 44.983196222675844 ], [ -93.462358209200787, 44.982091815287596 ], [ -93.462378927517435, 44.983189969785641 ], [ -93.46493462617515, 44.983071570467786 ], [ -93.470097454648581, 44.981371570899796 ], [ -93.471359645489869, 44.978391221171165 ], [ -93.476706624461158, 44.978373528105159 ], [ -93.476611736046095, 44.983712084288072 ], [ -93.479634398099776, 44.983739938468943 ], [ -93.47662546710778, 44.986804196727924 ], [ -93.478163011486529, 44.986838278259434 ], [ -93.478519486111196, 44.989280813335874 ], [ -93.481476865082428, 44.989241377661706 ], [ -93.482001919303613, 45.016501483842909 ], [ -93.479192466801294, 45.016517807600863 ], [ -93.47914195020418, 45.01792681682749 ], [ -93.482004502391831, 45.018369367019822 ], [ -93.482009083761781, 45.021799069683503 ], [ -93.487055557859506, 45.02179116194624 ], [ -93.48711786993394, 45.025724721776854 ], [ -93.491796933144357, 45.025758679541006 ], [ -93.491929373621133, 45.019870872612913 ], [ -93.495182453415666, 45.018155455310144 ], [ -93.494183873480381, 45.016093844760832 ], [ -93.500569744802377, 45.013509492738102 ], [ -93.50273260557988, 45.01059237601968 ], [ -93.50886532932023, 45.010880281562635 ], [ -93.510635022225216, 45.013266889928857 ], [ -93.516366918065813, 45.012340926647411 ], [ -93.517530608391851, 45.014203554573932 ], [ -93.513603490443245, 45.01734944418709 ], [ -93.517574340358109, 45.0191904091457 ], [ -93.52238308005353, 45.019060491833244 ], [ -93.522471417511213, 45.021490599290168 ], [ -93.512741488736225, 45.021642720964394 ], [ -93.512760855996291, 45.026256102072395 ], [ -93.508540021976756, 45.024533109987182 ], [ -93.507031256583616, 45.025494018458154 ], [ -93.507021746092164, 45.031381291417965 ], [ -93.513388343415656, 45.035745763187371 ], [ -93.502369728258245, 45.036577926851407 ], [ -93.502327944809693, 45.03973776581855 ], [ -93.496674568296541, 45.0397624922525 ], [ -93.495935329365494, 45.043384453019549 ], [ -93.481952091470333, 45.042611647429631 ], [ -93.476894406121062, 45.041633672729809 ], [ -93.476852620357775, 45.039851478427053 ], [ -93.471391602863022, 45.039869648964356 ], [ -93.471434008135773, 45.04198941248449 ], [ -93.46675273035116, 45.041990636989865 ], [ -93.466764378773377, 45.039812138706779 ], [ -93.458502948282316, 45.038985926949429 ], [ -93.461522944280446, 45.0383706375099 ], [ -93.461503662982537, 45.036070738131535 ], [ -93.45865887252404, 45.036055192938548 ], [ -93.457520916153427, 45.032459008325553 ], [ -93.450569766636576, 45.032432632833476 ], [ -93.45057199719048, 45.033980946431086 ], [ -93.445960592596919, 45.034057558855714 ], [ -93.44538771015803, 45.040194567682086 ], [ -93.438817705400197, 45.040165989843054 ], [ -93.43629231896854, 45.038766873573081 ], [ -93.436296593668487, 45.03619682401817 ], [ -93.427585727436423, 45.036103743666715 ], [ -93.427839254365253, 45.037169515655833 ], [ -93.425713461986149, 45.037438513756413 ], [ -93.425732995691462, 45.041624307916258 ], [ -93.420792177006277, 45.041669624941171 ], [ -93.420648381278525, 45.043380508022153 ], [ -93.417183155219902, 45.042943125851195 ], [ -93.416998262709114, 45.041634030450972 ], [ -93.410795229866054, 45.04167451485516 ], [ -93.409309614742057, 45.03905130488662 ], [ -93.408386087595446, 45.041804680216742 ], [ -93.405425692038847, 45.041077075254968 ], [ -93.405588038909215, 45.04378155771527 ], [ -93.400716029303382, 45.043708737607844 ] ] ] } },
{ "type": "Feature", "properties": { "NAME": "SCOTT", "TYPE": "COU", "id": "scott" }, "geometry": { "type": "Polygon", "coordinates": [ [ [ -93.459548157635581, 44.774532341780031 ], [ -93.459702438719603, 44.746443203018799 ], [ -93.464599519601819, 44.746405381505568 ], [ -93.464582001562817, 44.73938813580542 ], [ -93.459469185529528, 44.73937281068828 ], [ -93.459557075567815, 44.732031046895578 ], [ -93.469665935673646, 44.732129458399704 ], [ -93.469782024003308, 44.724823571035785 ], [ -93.475046219443698, 44.724783790868372 ], [ -93.475084220246444, 44.713949283168695 ], [ -93.480028611239049, 44.713906102067654 ], [ -93.48006305985227, 44.710962179464879 ], [ -93.484758090049638, 44.710852323655594 ], [ -93.484815591679379, 44.707863288292479 ], [ -93.490221415967554, 44.707867219252812 ], [ -93.490307418631929, 44.703568209312763 ], [ -93.510452742319387, 44.703416928166348 ], [ -93.510546341146167, 44.685339677580039 ], [ -93.531347068718816, 44.685109759661415 ], [ -93.531275109114162, 44.681378589858426 ], [ -93.551828144986743, 44.681258623754076 ], [ -93.552247854709762, 44.649014314654622 ], [ -93.541927497616371, 44.649086258583374 ], [ -93.541914764297957, 44.645390801018493 ], [ -93.53731413847872, 44.645367525951755 ], [ -93.536973901580097, 44.641164965110171 ], [ -93.531865897826975, 44.641121348703429 ], [ -93.531800657046603, 44.638249857586821 ], [ -93.516842476547865, 44.638093467405497 ], [ -93.51655727616145, 44.64125463249318 ], [ -93.506042352218046, 44.641274699548696 ], [ -93.506105149798458, 44.638209072633259 ], [ -93.501360291352384, 44.638207494353054 ], [ -93.501599380990683, 44.635042066708984 ], [ -93.491047957530014, 44.634993394611605 ], [ -93.49090304844384, 44.637807298164468 ], [ -93.485327648854224, 44.637903146872979 ], [ -93.485351834710528, 44.645105036088253 ], [ -93.480359324550051, 44.645198163602323 ], [ -93.480278371390156, 44.649141590821493 ], [ -93.47549961071978, 44.649103070849968 ], [ -93.475473359083097, 44.645263621890777 ], [ -93.454298151193655, 44.645196773575748 ], [ -93.454215465296798, 44.648690065473161 ], [ -93.449814201125747, 44.648738993534366 ], [ -93.449849788889964, 44.652375853830009 ], [ -93.444456666153954, 44.652378964298563 ], [ -93.444359875853308, 44.648787352826034 ], [ -93.429805128481092, 44.64884305474849 ], [ -93.429781614331844, 44.652543161088147 ], [ -93.424735187357285, 44.652638561019486 ], [ -93.424854311651515, 44.660047148863939 ], [ -93.429667056125211, 44.659925615725925 ], [ -93.42976220647077, 44.670458128547203 ], [ -93.424631531668382, 44.670513329746662 ], [ -93.424658028143838, 44.674573332663819 ], [ -93.434700407286002, 44.674454528615307 ], [ -93.434598687514963, 44.681575840591847 ], [ -93.424660819805908, 44.681703249536426 ], [ -93.423848778380247, 44.70747565758883 ], [ -93.419072005186877, 44.70749778665445 ], [ -93.418917655756957, 44.714866802146474 ], [ -93.414036446125436, 44.717148699496974 ], [ -93.398735176033668, 44.717230153738299 ], [ -93.398707819573971, 44.719336803952181 ], [ -93.393613337193173, 44.71931846624846 ], [ -93.393564970645386, 44.717131056854399 ], [ -93.384137224406217, 44.717230674240433 ], [ -93.383949972287681, 44.731513549841857 ], [ -93.368512013524651, 44.732176566953299 ], [ -93.368656202258379, 44.739652547559935 ], [ -93.373942966231439, 44.739648863111391 ], [ -93.374122920936173, 44.74343825643718 ], [ -93.379624154985535, 44.743280566563698 ], [ -93.379676272191645, 44.760708880273754 ], [ -93.35865043371534, 44.760560789666449 ], [ -93.358630513856738, 44.768127284020487 ], [ -93.329915743645458, 44.768006791775001 ], [ -93.328726583974984, 44.764389212977981 ], [ -93.332851748281286, 44.764478374977976 ], [ -93.332774848836735, 44.757686360870444 ], [ -93.336059874164761, 44.753733728940091 ], [ -93.328746283745716, 44.753637985396736 ], [ -93.328478546772189, 44.717562427437691 ], [ -93.31834128734117, 44.717552433633941 ], [ -93.318376318855456, 44.630626889332973 ], [ -93.338330951127574, 44.630605529824834 ], [ -93.338204632896407, 44.617129131252113 ], [ -93.353247759611619, 44.616475923362039 ], [ -93.353590841963864, 44.609403368743664 ], [ -93.348477017155005, 44.609347066075401 ], [ -93.348547537068313, 44.606321995658824 ], [ -93.353611336560647, 44.606225406810402 ], [ -93.35358434200235, 44.602034802857155 ], [ -93.358757159364785, 44.602054681463095 ], [ -93.358663127946983, 44.596563416044411 ], [ -93.361709375166839, 44.596540305286652 ], [ -93.361659173893216, 44.595302611727959 ], [ -93.35863071444949, 44.594686483148998 ], [ -93.368713115523065, 44.594771412060283 ], [ -93.368713989985324, 44.587686385714001 ], [ -93.358616922873097, 44.58764201429608 ], [ -93.358687647995012, 44.583842703443409 ], [ -93.363809451209264, 44.583767986523235 ], [ -93.363749440844842, 44.581909143966598 ], [ -93.358743569958961, 44.581861959202527 ], [ -93.359741530517567, 44.578937480272671 ], [ -93.358641837023157, 44.576519241345572 ], [ -93.36375402812051, 44.576521079119004 ], [ -93.363831491418495, 44.573099845463581 ], [ -93.358810826962355, 44.573084219719753 ], [ -93.358894050332353, 44.562424869943264 ], [ -93.348930683965747, 44.56235671476469 ], [ -93.348930900911654, 44.558706151729929 ], [ -93.34398754447551, 44.558644624857131 ], [ -93.344004358374306, 44.554953497607912 ], [ -93.339196225222793, 44.55494987300024 ], [ -93.339042437493802, 44.558686419381026 ], [ -93.33423407330352, 44.558696090526773 ], [ -93.333998523452067, 44.565943886543906 ], [ -93.328503104437345, 44.564811991787153 ], [ -93.32844285323624, 44.562286931428844 ], [ -93.293347524417101, 44.562215914714677 ], [ -93.293311186494535, 44.558664474100517 ], [ -93.288844104688351, 44.558621842906639 ], [ -93.283839331801872, 44.562100399388981 ], [ -93.283284306544601, 44.55841520394673 ], [ -93.278160699557603, 44.558328768269973 ], [ -93.278125150852645, 44.544091186538246 ], [ -93.561711759041742, 44.542386848669238 ], [ -93.561792583290256, 44.550790412990672 ], [ -93.563636085171026, 44.550776828798007 ], [ -93.562694993182433, 44.561800678574819 ], [ -93.578445656414232, 44.560817229009693 ], [ -93.578483934532159, 44.55781016111019 ], [ -93.584106803642072, 44.557772539852969 ], [ -93.584525893952957, 44.547831495657086 ], [ -93.588120062086247, 44.547786036416426 ], [ -93.588205866631014, 44.544508634601115 ], [ -93.591035201734755, 44.543931362994492 ], [ -93.910207170097308, 44.542765412926229 ], [ -93.910854309697285, 44.546500845356512 ], [ -93.904763187418453, 44.551932830588946 ], [ -93.898871700678711, 44.551236636553085 ], [ -93.899698375189089, 44.545954590412087 ], [ -93.897982819505771, 44.544091044566379 ], [ -93.891696830910789, 44.545454681134949 ], [ -93.890950470845013, 44.547589627152703 ], [ -93.892511600305781, 44.553334612987854 ], [ -93.900449590615239, 44.555766025724338 ], [ -93.897455594791126, 44.56231198085942 ], [ -93.890643203167897, 44.566727070219954 ], [ -93.894036113581677, 44.569693921604483 ], [ -93.900478692635488, 44.56946325311187 ], [ -93.901411174447176, 44.57064423863433 ], [ -93.900081042729695, 44.572999903336921 ], [ -93.893996047073799, 44.574965249289789 ], [ -93.89498511729802, 44.580453576111999 ], [ -93.892429774333337, 44.584758796382935 ], [ -93.896635784725149, 44.587071019789434 ], [ -93.902727676379527, 44.587273119821795 ], [ -93.895512357894432, 44.590361267817379 ], [ -93.890341043430766, 44.596545943583983 ], [ -93.882633085702224, 44.595710021754471 ], [ -93.880826516196123, 44.601202018960826 ], [ -93.874821283651528, 44.60058649126016 ], [ -93.87433525137638, 44.602206169568127 ], [ -93.877353435698268, 44.606094625128165 ], [ -93.872119682132492, 44.606301259778903 ], [ -93.87089703938436, 44.605018726195823 ], [ -93.871755873296678, 44.603409721965619 ], [ -93.86917438012793, 44.602313083325171 ], [ -93.861080998582054, 44.605565792972442 ], [ -93.853704948775928, 44.6181661895587 ], [ -93.8577459108824, 44.620818659882744 ], [ -93.849110570944845, 44.621972494789411 ], [ -93.844061023842741, 44.618332400084071 ], [ -93.839969053831254, 44.618096995673497 ], [ -93.845503411616164, 44.623133573616485 ], [ -93.845638651434712, 44.624960081354104 ], [ -93.844127136416517, 44.625178321289347 ], [ -93.835781817249327, 44.618082703518461 ], [ -93.817172668277848, 44.628871845331759 ], [ -93.814148082364966, 44.633313673844846 ], [ -93.796542796715215, 44.634135516799745 ], [ -93.793013073197557, 44.632580143326074 ], [ -93.790200454662781, 44.62848999805351 ], [ -93.78059169153812, 44.632508176108871 ], [ -93.774445907436217, 44.637929006881215 ], [ -93.77173612416226, 44.634800979854866 ], [ -93.773077286484593, 44.630259151862496 ], [ -93.762502119919745, 44.634786484212235 ], [ -93.755601696329364, 44.634764828717955 ], [ -93.75575007094119, 44.637878709012419 ], [ -93.76009353847239, 44.641482386580883 ], [ -93.759461654999527, 44.643881250463295 ], [ -93.738225232502955, 44.645902016888876 ], [ -93.730302278206864, 44.652524761263493 ], [ -93.72872704621777, 44.65624383878297 ], [ -93.721036388584963, 44.654838755544375 ], [ -93.715954377831096, 44.65711234111059 ], [ -93.715557422655806, 44.65880729124553 ], [ -93.720959788392022, 44.661825146741315 ], [ -93.720730181637407, 44.664036697739469 ], [ -93.711421674727475, 44.668042636172686 ], [ -93.697822056402813, 44.669620949151074 ], [ -93.679181326457382, 44.686563368092749 ], [ -93.676193388400108, 44.691788993450544 ], [ -93.663180236147994, 44.696425019507082 ], [ -93.658712933736922, 44.694884455806658 ], [ -93.655460801221508, 44.689933838856646 ], [ -93.651838995332056, 44.691633517652399 ], [ -93.649191892530126, 44.695236054212877 ], [ -93.642095582701486, 44.692588954810759 ], [ -93.636025969264239, 44.6969935857622 ], [ -93.63046139573261, 44.697933682700771 ], [ -93.629551235294869, 44.701481146346516 ], [ -93.618171230600495, 44.707520897582938 ], [ -93.626361131643861, 44.716573174757308 ], [ -93.624618573830546, 44.724072685260921 ], [ -93.632573691044968, 44.724492520383407 ], [ -93.628658908669919, 44.731063348291606 ], [ -93.630993442303591, 44.738009283336581 ], [ -93.622367770551165, 44.746410777660977 ], [ -93.62155082502936, 44.753207475457231 ], [ -93.613923034437107, 44.749314723109826 ], [ -93.60969184463211, 44.752060591061131 ], [ -93.609297882130264, 44.755258514306526 ], [ -93.614728601100083, 44.7579751148469 ], [ -93.583603335919946, 44.758111406104454 ], [ -93.578584333300697, 44.765725882300075 ], [ -93.566237376885852, 44.776000860603844 ], [ -93.540793074048338, 44.776830861262972 ], [ -93.459548157635581, 44.774532341780031 ] ] ] } },
{ "type": "Feature", "properties": { "NAME": "PIONEER-SARAH CREEK", "TYPE": "WMO", "id": "pioneer-sarah-creek" }, "geometry": { "type": "Polygon", "coordinates": [ [ [ -93.683192604275703, 45.150426731625444 ], [ -93.676232017100403, 45.150905631159802 ], [ -93.67634611245316, 45.145061984950708 ], [ -93.645869657351454, 45.145233830914741 ], [ -93.645845834123506, 45.065563175709926 ], [ -93.594411135888691, 45.065645591751796 ], [ -93.594293477020273, 45.061960638516041 ], [ -93.589195231386014, 45.061940954807 ], [ -93.588582126441537, 45.054752585446543 ], [ -93.594059367882551, 45.054721011850241 ], [ -93.593917452477029, 45.047474965748215 ], [ -93.58366733720203, 45.047494383316007 ], [ -93.58353355735423, 45.036531970184946 ], [ -93.599047339839231, 45.036663194652263 ], [ -93.599099905865515, 45.033110568801206 ], [ -93.604400586846367, 45.033150088981088 ], [ -93.604437535069977, 45.029512645327486 ], [ -93.61447638030441, 45.029473262405439 ], [ -93.614581846878949, 45.022346850768223 ], [ -93.625089481736012, 45.022334853327912 ], [ -93.625093204813979, 45.018590675087687 ], [ -93.635095429769095, 45.018639011133395 ], [ -93.634877581384131, 45.014923198390001 ], [ -93.645750492726748, 45.014838970214605 ], [ -93.645710182089857, 45.011251938689895 ], [ -93.650800710219144, 45.011224128474261 ], [ -93.650770411390027, 45.007676229267936 ], [ -93.661022421495687, 45.007646871468381 ], [ -93.661011035953649, 45.003915631032378 ], [ -93.666090418062424, 45.003907943232029 ], [ -93.666099086757356, 45.000229179470523 ], [ -93.69165305004546, 45.000330618243666 ], [ -93.691624260607071, 44.996717267336329 ], [ -93.696691187067742, 44.996567513496295 ], [ -93.696747562764344, 45.000177539736413 ], [ -93.71217344036711, 44.999842960252835 ], [ -93.712096278588291, 44.994810365060644 ], [ -93.707055126105658, 44.994856637296017 ], [ -93.706712416762656, 44.981689211213556 ], [ -93.711745043669083, 44.98165114583373 ], [ -93.711623061797084, 44.978017338703872 ], [ -93.706530401294074, 44.978021292643206 ], [ -93.706571568387034, 44.970960501840786 ], [ -93.701478192924483, 44.971005022799567 ], [ -93.701524882046414, 44.967497639867659 ], [ -93.706575031989075, 44.96745448340161 ], [ -93.706417436542424, 44.949449626033861 ], [ -93.701402475179947, 44.949490983236231 ], [ -93.701437203335999, 44.938607586176346 ], [ -93.706466808810504, 44.93860661171211 ], [ -93.706484859827157, 44.927789711952201 ], [ -93.726714632222851, 44.927678824530425 ], [ -93.726690891266401, 44.92949065718711 ], [ -93.731789149111421, 44.929479339129266 ], [ -93.731740965968044, 44.931990436620517 ], [ -93.736886020122711, 44.931923775958808 ], [ -93.736975440118698, 44.927656330570315 ], [ -93.757386405261144, 44.927331113251313 ], [ -93.757420687428819, 44.924619304606999 ], [ -93.762266631408835, 44.924480591482762 ], [ -93.762329765562441, 44.919959587926883 ], [ -93.767807084161319, 44.919793662353676 ], [ -93.766779252818807, 45.06010346059454 ], [ -93.764843639197238, 45.060881664591285 ], [ -93.765257600830054, 45.066770586877993 ], [ -93.760795175150776, 45.068938334556798 ], [ -93.764795257449805, 45.070797497112459 ], [ -93.75842569565387, 45.073234458315888 ], [ -93.759429611499385, 45.074965136211539 ], [ -93.761299732511759, 45.073872467539339 ], [ -93.759768836856296, 45.077195328145649 ], [ -93.758214861597651, 45.076805075619141 ], [ -93.761758683727138, 45.081223881973173 ], [ -93.758187116042919, 45.082512402244163 ], [ -93.756608431512646, 45.080290426054795 ], [ -93.748728777192966, 45.078676425571878 ], [ -93.739750221514342, 45.080179467777867 ], [ -93.737418070088196, 45.082745784706496 ], [ -93.729878582522176, 45.082845599790609 ], [ -93.727445423340129, 45.080649263730429 ], [ -93.727510894943023, 45.086487315079474 ], [ -93.717327873066679, 45.086673749075736 ], [ -93.717346589369484, 45.090309636446847 ], [ -93.727522435832, 45.088316676197636 ], [ -93.727650230100025, 45.097319513038101 ], [ -93.729267533086414, 45.097490671679815 ], [ -93.726274833537417, 45.098648467373408 ], [ -93.725409407518129, 45.103888495993097 ], [ -93.72019416255614, 45.114327533693384 ], [ -93.701726654892724, 45.131473782463026 ], [ -93.700850363239454, 45.135885504216631 ], [ -93.688923103313712, 45.143330475807836 ], [ -93.683192604275703, 45.150426731625444 ] ] ] } },
{ "type": "Feature", "properties": { "NAME": "RILEY-PURGATORY-BLUFF CREEK", "TYPE": "WD", "id": "riley-purgatory-bluff-creek" }, "geometry": { "type": "Polygon", "coordinates": [ [ [ -93.467365159021199, 44.921609486015818 ], [ -93.46716561753577, 44.905388585577512 ], [ -93.477866327045334, 44.905222783453688 ], [ -93.477777570180962, 44.913000942826947 ], [ -93.484713031476417, 44.91263864090773 ], [ -93.486720196660229, 44.909821459641421 ], [ -93.486675070467797, 44.901049129684779 ], [ -93.482500135132128, 44.901017333319849 ], [ -93.482057099806724, 44.895176849948577 ], [ -93.475441493683192, 44.895150570521707 ], [ -93.476397953824048, 44.89149173438075 ], [ -93.472266148374644, 44.891567409031886 ], [ -93.474742635827042, 44.889243601732055 ], [ -93.472617353843233, 44.883905166406066 ], [ -93.459238542381499, 44.884022764073869 ], [ -93.45901747868696, 44.876475379397277 ], [ -93.450152428145287, 44.876605188773645 ], [ -93.449973713209289, 44.872761986204601 ], [ -93.443390505250122, 44.872805739172406 ], [ -93.434564042698156, 44.868950746251222 ], [ -93.424805157920446, 44.86885243138029 ], [ -93.418935780440023, 44.865916911380204 ], [ -93.42569132093989, 44.861503386300264 ], [ -93.425467109810896, 44.858128416549597 ], [ -93.420658456994232, 44.85727302131292 ], [ -93.420270211851417, 44.855064422109201 ], [ -93.42402137017946, 44.850999585137657 ], [ -93.423886131920199, 44.846742063306394 ], [ -93.419077928520821, 44.845814580741632 ], [ -93.419123926363895, 44.843977969072583 ], [ -93.414812243101991, 44.843431075537232 ], [ -93.410019212672324, 44.840513674929781 ], [ -93.407150771448428, 44.836049853078613 ], [ -93.390612774541125, 44.838560710168501 ], [ -93.39166521560486, 44.835221796584051 ], [ -93.388514743042705, 44.835309076271656 ], [ -93.388517314588157, 44.82604130924053 ], [ -93.368286596116604, 44.826112842044374 ], [ -93.368270196229389, 44.83154572060279 ], [ -93.358547269574984, 44.832958496065913 ], [ -93.358400988505622, 44.827089524191621 ], [ -93.350118789220247, 44.825836902809598 ], [ -93.35015365399812, 44.814813589541352 ], [ -93.356612819521857, 44.814748591952622 ], [ -93.357159373687125, 44.811091981938191 ], [ -93.358460895096826, 44.811303957599385 ], [ -93.358651672278867, 44.814220078583404 ], [ -93.362917862025554, 44.815192344261582 ], [ -93.368465623923584, 44.815183582198422 ], [ -93.368413577947265, 44.811726897288473 ], [ -93.384270244003645, 44.81182768231573 ], [ -93.384256109014245, 44.808091805981142 ], [ -93.39063823562816, 44.807971129711284 ], [ -93.390642322760456, 44.804419735157424 ], [ -93.398504293753561, 44.804473592488648 ], [ -93.398604246351226, 44.808200167650227 ], [ -93.406581460500945, 44.809171293828257 ], [ -93.409725194509619, 44.811518641581308 ], [ -93.424157763485837, 44.814720253627137 ], [ -93.431971372598156, 44.815145578439193 ], [ -93.434320363386377, 44.818904096205557 ], [ -93.438967530066591, 44.818926838382367 ], [ -93.439295215127331, 44.829287114584858 ], [ -93.445661474331501, 44.828614290733974 ], [ -93.463892430734674, 44.833393874170191 ], [ -93.470007458582913, 44.833310357184359 ], [ -93.469873016109077, 44.822602796930532 ], [ -93.478889715271521, 44.822506828935133 ], [ -93.479026427484172, 44.817870117820618 ], [ -93.485772136590953, 44.817733597263512 ], [ -93.48687365846493, 44.818669637752201 ], [ -93.485356489197343, 44.822132943862201 ], [ -93.515427691667782, 44.823045440327355 ], [ -93.51540210601091, 44.82602978576741 ], [ -93.5298650387696, 44.824995861875337 ], [ -93.531866692072668, 44.826143340054628 ], [ -93.546214262987405, 44.826107126985079 ], [ -93.546200623230874, 44.82269535770773 ], [ -93.541534775760937, 44.822614052453673 ], [ -93.54148105523457, 44.818986417518857 ], [ -93.537503288027096, 44.818951195101903 ], [ -93.537820001068013, 44.81666764321244 ], [ -93.540182403439033, 44.813541726533145 ], [ -93.551589214146162, 44.813424186974238 ], [ -93.562651112368698, 44.822466958443819 ], [ -93.572023179221148, 44.822830000139327 ], [ -93.572015185453481, 44.826498437151919 ], [ -93.5769170310774, 44.826464777517778 ], [ -93.577114089541254, 44.833971610327161 ], [ -93.572823762452629, 44.833979707306689 ], [ -93.576363993352956, 44.840227413554416 ], [ -93.574513230048467, 44.841271989331709 ], [ -93.579975538940502, 44.840933804656345 ], [ -93.576928704302702, 44.84312776339889 ], [ -93.581991072261616, 44.851906194703268 ], [ -93.587178561571491, 44.851983165519968 ], [ -93.587216318820509, 44.855970926073205 ], [ -93.597231388063108, 44.855936994721482 ], [ -93.59710613665645, 44.867734957602508 ], [ -93.587240764931522, 44.87642815423338 ], [ -93.58264758532745, 44.884963178593438 ], [ -93.54973190148641, 44.884370190195291 ], [ -93.549892520811071, 44.879447924672476 ], [ -93.542872519223877, 44.878648219858306 ], [ -93.542642949280278, 44.881933014821449 ], [ -93.544592773466789, 44.884102244041927 ], [ -93.54062678463832, 44.884071576002853 ], [ -93.540366993444152, 44.891233978245864 ], [ -93.533938446225946, 44.901198020478056 ], [ -93.537295854937213, 44.906349466502668 ], [ -93.52597588812641, 44.910106515132654 ], [ -93.522719533813785, 44.929597406406351 ], [ -93.519969058310082, 44.932036010975899 ], [ -93.513407953972091, 44.933091927061689 ], [ -93.512759720827148, 44.942267902236047 ], [ -93.507577997796574, 44.942228035936274 ], [ -93.507677574365204, 44.939234421802581 ], [ -93.503301243035864, 44.939181776271077 ], [ -93.503255501609047, 44.941608022280867 ], [ -93.485852371380687, 44.94138181838148 ], [ -93.481973959303218, 44.939314284634946 ], [ -93.482609351778592, 44.925885463199933 ], [ -93.48155251001738, 44.925604542515615 ], [ -93.482925164324911, 44.919208715961688 ], [ -93.467365159021199, 44.921609486015818 ] ] ] } },
{ "type": "Feature", "properties": { "NAME": "MIDDLE ST. CROIX", "TYPE": "WMO", "id": "middle-st-croix" }, "geometry": { "type": "Polygon", "coordinates": [ [ [ -92.791025745299436, 45.078577830710337 ], [ -92.802023391632588, 45.068136403610801 ], [ -92.803246471555497, 45.062442405302093 ], [ -92.801761840822252, 45.056309814642447 ], [ -92.794092662615853, 45.048114561437117 ], [ -92.767182999257557, 45.031917838654806 ], [ -92.76166323160146, 45.024210098879081 ], [ -92.769525142319665, 45.007034910872136 ], [ -92.771096207957797, 44.999713494079558 ], [ -92.768880732218179, 44.988725608698594 ], [ -92.769760986808365, 44.974340416216499 ], [ -92.767989499185404, 44.968729360581122 ], [ -92.761950953202273, 44.965841333375224 ], [ -92.755502667171442, 44.956787931237677 ], [ -92.750663902508407, 44.938774963921752 ], [ -92.757847901381339, 44.911932634899742 ], [ -92.760359899992068, 44.907709144764887 ], [ -92.764301163991661, 44.905916627693514 ], [ -92.774181023159969, 44.906100213162496 ], [ -92.773017151858582, 44.908525452751334 ], [ -92.77139454202738, 44.908379097758278 ], [ -92.771537664381157, 44.912970090541805 ], [ -92.776675873931367, 44.912872875258898 ], [ -92.776564245511608, 44.930987954628712 ], [ -92.781713449627532, 44.930979433251558 ], [ -92.781544425061142, 44.941916371776522 ], [ -92.786670844831576, 44.941833147434913 ], [ -92.786625045433865, 44.945429649975708 ], [ -92.791741191083617, 44.945353850411593 ], [ -92.791686527134331, 44.948867900711285 ], [ -92.796792350499032, 44.948841855038779 ], [ -92.796776666979909, 44.952495253056092 ], [ -92.806997040673693, 44.952523070916946 ], [ -92.807039959277802, 44.967074570465336 ], [ -92.809619201803557, 44.967080858907934 ], [ -92.809606076026697, 44.970710108863592 ], [ -92.817284787500469, 44.970276777921029 ], [ -92.817267840936339, 44.972559732883568 ], [ -92.819822232761766, 44.972567332776002 ], [ -92.817264482608323, 44.973012255645322 ], [ -92.817255780935369, 44.98163776863138 ], [ -92.822367042542041, 44.982329678173755 ], [ -92.822426105584995, 44.988915479454221 ], [ -92.812208240707719, 44.988868152188232 ], [ -92.812237470774434, 44.992493517148162 ], [ -92.817349723222137, 44.992518666437832 ], [ -92.817403393805904, 44.999762607856646 ], [ -92.814836887724695, 44.999751083226158 ], [ -92.814840951689206, 45.001541884365089 ], [ -92.82251781985201, 45.003947557821654 ], [ -92.822510159845706, 45.015095343578913 ], [ -92.82401415573797, 45.015395949107997 ], [ -92.823188269580484, 45.016901388346554 ], [ -92.82764404693468, 45.017900454824193 ], [ -92.827742934112834, 45.025150453181979 ], [ -92.838001225863096, 45.025230030098719 ], [ -92.838089398881252, 45.028855149120432 ], [ -92.832967891592531, 45.028817876495651 ], [ -92.833055023877691, 45.032191620911334 ], [ -92.826912128311221, 45.032402418998714 ], [ -92.828050106759051, 45.040278392886599 ], [ -92.823782323770061, 45.044900250450354 ], [ -92.830291823639456, 45.046539059301601 ], [ -92.831198311329658, 45.048006861163671 ], [ -92.831644560624895, 45.0462367996601 ], [ -92.833195143983275, 45.046232182165724 ], [ -92.833211139636248, 45.049854597203542 ], [ -92.839576019144687, 45.056317961918111 ], [ -92.838359817012332, 45.062553117590582 ], [ -92.843324185141142, 45.063152206691839 ], [ -92.843320820968444, 45.064944190126582 ], [ -92.840894081353298, 45.064920881703223 ], [ -92.838641974415637, 45.067727120500393 ], [ -92.834145211141902, 45.064855788501397 ], [ -92.829855870241261, 45.064799556556366 ], [ -92.83073423866729, 45.066969376572445 ], [ -92.829054877064252, 45.06742030147592 ], [ -92.827835055144419, 45.064771256385079 ], [ -92.825743261440024, 45.064741924600291 ], [ -92.826483109530102, 45.065686497113326 ], [ -92.823486584001841, 45.068094214106168 ], [ -92.819358241662371, 45.065707375836965 ], [ -92.818021209172343, 45.071975827950176 ], [ -92.810240817742852, 45.072003565768853 ], [ -92.810256484238323, 45.069872658779914 ], [ -92.805196828794053, 45.070225177377303 ], [ -92.805096197215974, 45.074653206091256 ], [ -92.803391234914045, 45.075122622121633 ], [ -92.80469215404149, 45.0759888270331 ], [ -92.803258285842205, 45.076407831440605 ], [ -92.805686440726888, 45.076236817877586 ], [ -92.801781550075845, 45.079254580272362 ], [ -92.791025745299436, 45.078577830710337 ] ] ] } },
{ "type": "Feature", "properties": { "NAME": "COMFORT LAKE FOREST LAKE", "TYPE": "WD", "id": "comfort-lake-forest-lake" }, "geometry": { "type": "Polygon", "coordinates": [ [ [ -92.983301758431011, 45.331929235383789 ], [ -92.965739065347506, 45.326882342111816 ], [ -92.961516387155228, 45.329586969060024 ], [ -92.957387871421219, 45.326026506831965 ], [ -92.947616061584071, 45.33078949759733 ], [ -92.949015689883964, 45.331376397713882 ], [ -92.947812226984766, 45.332189991380574 ], [ -92.934103442536198, 45.330657918896435 ], [ -92.928117630338051, 45.327216280828956 ], [ -92.930018008669705, 45.321567920833282 ], [ -92.925291951723736, 45.319665553116245 ], [ -92.924661702448518, 45.314041719913249 ], [ -92.918063340154561, 45.311926297164547 ], [ -92.915025810531858, 45.311712519737014 ], [ -92.911975109248203, 45.314356568183193 ], [ -92.90562989408177, 45.313482817891995 ], [ -92.894950729143844, 45.316120265464939 ], [ -92.891334466568949, 45.319993098764755 ], [ -92.881312365836905, 45.318895821743766 ], [ -92.879117319815791, 45.315935400356786 ], [ -92.872851512026756, 45.313229970328898 ], [ -92.871415812174135, 45.314079460052717 ], [ -92.871434787915433, 45.322148613329148 ], [ -92.866736203614181, 45.325180448452699 ], [ -92.863103173081328, 45.330424538279189 ], [ -92.850945158100259, 45.334495785187791 ], [ -92.841102422563452, 45.331250968562394 ], [ -92.841501527942782, 45.327121868673373 ], [ -92.843308014043302, 45.325520220677397 ], [ -92.833025752158889, 45.314960545377275 ], [ -92.833955083286995, 45.312365033258274 ], [ -92.836709689703682, 45.31132487786784 ], [ -92.835422285555467, 45.309432743791128 ], [ -92.829207707522386, 45.307308257466424 ], [ -92.827117462906017, 45.309082571209274 ], [ -92.81903970641936, 45.306680139556157 ], [ -92.815267036914506, 45.308532837178895 ], [ -92.812332864741393, 45.305913146824395 ], [ -92.807922570310609, 45.306355841465972 ], [ -92.802741849586866, 45.309276891325837 ], [ -92.795267529227402, 45.304290449647524 ], [ -92.794454777246941, 45.301075513294784 ], [ -92.797672538177792, 45.298848959600889 ], [ -92.803086102289555, 45.300438200454622 ], [ -92.806158989314397, 45.299565854867026 ], [ -92.807344778959717, 45.296258329141757 ], [ -92.80165616171611, 45.294301825666842 ], [ -92.799719919675155, 45.289123422228975 ], [ -92.804821981652509, 45.289064996764374 ], [ -92.804766935490335, 45.281840940293598 ], [ -92.809867677959446, 45.281795423884297 ], [ -92.809436579970338, 45.274560030155158 ], [ -92.814510566394333, 45.274518942488648 ], [ -92.814208457059294, 45.27087491598796 ], [ -92.823095091700992, 45.27095287092515 ], [ -92.822246986690047, 45.26740557113424 ], [ -92.809837357912329, 45.258346089657081 ], [ -92.809960543812139, 45.256641958618417 ], [ -92.814542016588447, 45.256629432583004 ], [ -92.814568592608921, 45.252979984210697 ], [ -92.834888423785131, 45.253060023424496 ], [ -92.834803817211551, 45.256664390321681 ], [ -92.864432083195211, 45.256875913132205 ], [ -92.86463131139449, 45.260465402955433 ], [ -92.868024473879998, 45.26138383440373 ], [ -92.868020940988501, 45.267705595168259 ], [ -92.875180033534917, 45.267743391520384 ], [ -92.87514844255611, 45.274972698365772 ], [ -92.885429885585054, 45.27499738359419 ], [ -92.886877314251535, 45.270077962410909 ], [ -92.889194065554278, 45.267864242969686 ], [ -92.889177176465054, 45.271165820384688 ], [ -92.890555926840278, 45.271176888581465 ], [ -92.89057310198865, 45.267803589066524 ], [ -92.889273024937864, 45.26779315456006 ], [ -92.890552610438917, 45.263399647937021 ], [ -92.89361771273137, 45.262417327682627 ], [ -92.894521795666833, 45.260479211402412 ], [ -92.890076319847012, 45.259200623539996 ], [ -92.889741061690003, 45.253464854955105 ], [ -92.879536254836609, 45.25339593063547 ], [ -92.880026573770607, 45.242545778030973 ], [ -92.885169027255174, 45.242548567009166 ], [ -92.885493943640213, 45.235334171496021 ], [ -92.89066849997144, 45.235321330791031 ], [ -92.890865684535697, 45.231736182798947 ], [ -92.896997484693983, 45.231734922710999 ], [ -92.897022383867579, 45.238875624690344 ], [ -92.902171616948095, 45.238999943890327 ], [ -92.902147777684917, 45.242642080401517 ], [ -92.948030880910437, 45.242904119666271 ], [ -92.948050066804029, 45.239303370676289 ], [ -92.96315730091041, 45.239320023295278 ], [ -92.96309143475122, 45.253672776246582 ], [ -92.958064378228144, 45.253651152246015 ], [ -92.958056757795575, 45.260862527191627 ], [ -92.968110872518992, 45.260963092219754 ], [ -92.968357328855859, 45.26428901219407 ], [ -92.973375774195887, 45.264496635657437 ], [ -92.973225410779364, 45.268200260047884 ], [ -92.978270454773551, 45.268282846200712 ], [ -92.978169521288379, 45.272143391811817 ], [ -92.983809977971802, 45.274803473731517 ], [ -92.985076133209802, 45.279126125057999 ], [ -92.988824813082786, 45.279173271065034 ], [ -92.990247469387725, 45.275657474203335 ], [ -92.993748078640635, 45.275714855526651 ], [ -92.99374055668639, 45.272119155418537 ], [ -92.998847399246841, 45.272209639436845 ], [ -92.998869960176336, 45.26860781582856 ], [ -93.019503984689536, 45.268394364277341 ], [ -93.019512593472413, 45.291551466972301 ], [ -93.015851968501622, 45.296911549693696 ], [ -93.017147823506903, 45.298474366292439 ], [ -93.019553393956244, 45.298207435922166 ], [ -93.019548760905465, 45.305398333672194 ], [ -93.013536592496862, 45.312819395688969 ], [ -93.010121521659258, 45.315056598471294 ], [ -93.004262362258288, 45.315174016577231 ], [ -92.995364913704762, 45.322600626461991 ], [ -92.992857016648344, 45.327182137978134 ], [ -92.987891424627023, 45.327424708938324 ], [ -92.983301758431011, 45.331929235383789 ] ] ] } },
{ "type": "Feature", "properties": { "NAME": "LOWER MISSISSIPPI RIVER", "TYPE": "WMO", "id": "lower-mississippi-river" }, "geometry": { "type": "Polygon", "coordinates": [ [ [ -93.020275763672814, 44.890932459108456 ], [ -93.017269435472869, 44.885703929088784 ], [ -93.013732257731192, 44.870750501746052 ], [ -93.009357132341179, 44.862743219043935 ], [ -93.00858641006559, 44.856649199066624 ], [ -93.011902473858953, 44.836698625036782 ], [ -93.005076362993009, 44.816695855549668 ], [ -93.00639715905757, 44.81261393936721 ], [ -93.022163968130613, 44.793219373238728 ], [ -93.020857805230719, 44.783684877982459 ], [ -93.015499743266943, 44.775469244587377 ], [ -93.110455209772027, 44.775664497176081 ], [ -93.106501665110684, 44.776176553641868 ], [ -93.106020938494254, 44.781716998516089 ], [ -93.1023156611556, 44.785458810893353 ], [ -93.09741128617118, 44.787106690605931 ], [ -93.09608787336974, 44.785712933254388 ], [ -93.091504968111536, 44.785790850591582 ], [ -93.088616595201387, 44.789856568808915 ], [ -93.094541116538892, 44.791671719146009 ], [ -93.093112057609247, 44.793676580941032 ], [ -93.095168651689988, 44.796977680152239 ], [ -93.102649882066387, 44.797155738085365 ], [ -93.101858791562719, 44.798911893490569 ], [ -93.103845172985658, 44.80273155644651 ], [ -93.101883291256499, 44.803615533860444 ], [ -93.104421826673871, 44.80477003747945 ], [ -93.102931576358941, 44.808704312850338 ], [ -93.106051343626532, 44.810534447195025 ], [ -93.105810660623973, 44.814092866123772 ], [ -93.109950705565211, 44.815906726830875 ], [ -93.104433075215212, 44.818437087581451 ], [ -93.10578232540243, 44.827453203802378 ], [ -93.101831348825812, 44.830340009032064 ], [ -93.103662856997715, 44.832469427245201 ], [ -93.10019339608192, 44.833675078725705 ], [ -93.100934467065542, 44.836070196581133 ], [ -93.099182889596463, 44.837057161739288 ], [ -93.100721785372613, 44.839676091081515 ], [ -93.095983081657835, 44.843503738054203 ], [ -93.103610614227179, 44.847556292462613 ], [ -93.099489634692219, 44.847900820257976 ], [ -93.103583300405262, 44.850976096821867 ], [ -93.103239436088103, 44.852656864191623 ], [ -93.100237346842093, 44.853679746974969 ], [ -93.102105649263038, 44.857346015759312 ], [ -93.105736220807202, 44.859656728566932 ], [ -93.106120962619087, 44.861909006057495 ], [ -93.17568385275672, 44.861429073794461 ], [ -93.172236202514824, 44.869773684174746 ], [ -93.17387972081238, 44.876743495398856 ], [ -93.167322732241686, 44.876524136744209 ], [ -93.167504964817397, 44.8784815176083 ], [ -93.163740497691833, 44.87852580662873 ], [ -93.164795479161754, 44.882579345448967 ], [ -93.154050490677619, 44.884191075295121 ], [ -93.154359366773292, 44.887558336783499 ], [ -93.152399857621731, 44.887607426487882 ], [ -93.151405978004462, 44.890300385242071 ], [ -93.14682829783068, 44.890555138007862 ], [ -93.146663336222872, 44.899085743625221 ], [ -93.13556509937068, 44.907010734402924 ], [ -93.129780248619269, 44.91886872968584 ], [ -93.110506154383444, 44.927224903015919 ], [ -93.094725280811446, 44.941372721214215 ], [ -93.077016308081184, 44.947299910349493 ], [ -93.067502325679044, 44.946590270057278 ], [ -93.055285478682777, 44.940743000040527 ], [ -93.04990374075885, 44.933548870412359 ], [ -93.051332535311843, 44.919762783654775 ], [ -93.045175444397231, 44.912304096103895 ], [ -93.042126269410957, 44.905112998807368 ], [ -93.020275763672814, 44.890932459108456 ] ] ] } },
{ "type": "Feature", "properties": { "NAME": "EAGAN-INVER GROVE", "TYPE": "WMO", "id": "eagan-inver-grove" }, "geometry": { "type": "Polygon", "coordinates": [ [ [ -93.176248013520876, 44.861429676398373 ], [ -93.106120962619087, 44.861909006057495 ], [ -93.106029473184719, 44.860038284631088 ], [ -93.102105649263038, 44.857346015759312 ], [ -93.100237346842093, 44.853679746974969 ], [ -93.103239436088103, 44.852656864191623 ], [ -93.103583300405262, 44.850976096821867 ], [ -93.099489634692219, 44.847900820257976 ], [ -93.103610614227179, 44.847556292462613 ], [ -93.095983081657835, 44.843503738054203 ], [ -93.100721785372613, 44.839676091081515 ], [ -93.099182889596463, 44.837057161739288 ], [ -93.100934467065542, 44.836070196581133 ], [ -93.10019339608192, 44.833675078725705 ], [ -93.103662856997715, 44.832469427245201 ], [ -93.101831348825812, 44.830340009032064 ], [ -93.10578232540243, 44.827453203802378 ], [ -93.104433075215212, 44.818437087581451 ], [ -93.109950705565211, 44.815906726830875 ], [ -93.105810660623973, 44.814092866123772 ], [ -93.106051343626532, 44.810534447195025 ], [ -93.102931576358941, 44.808704312850338 ], [ -93.104421826673871, 44.80477003747945 ], [ -93.101883291256499, 44.803615533860444 ], [ -93.103845172985658, 44.80273155644651 ], [ -93.101858791562719, 44.798911893490569 ], [ -93.102649882066387, 44.797155738085365 ], [ -93.095168651689988, 44.796977680152239 ], [ -93.093112057609247, 44.793676580941032 ], [ -93.094541116538892, 44.791671719146009 ], [ -93.088607924288226, 44.790235042223159 ], [ -93.090460029248746, 44.788653149819808 ], [ -93.090280591279722, 44.786435505018268 ], [ -93.09608787336974, 44.785712933254388 ], [ -93.09741128617118, 44.787106690605931 ], [ -93.1023156611556, 44.785458810893353 ], [ -93.106020938494254, 44.781716998516089 ], [ -93.106501665110684, 44.776176553641868 ], [ -93.110455085275873, 44.775680074845354 ], [ -93.223201048712284, 44.776082955707338 ], [ -93.22364130752571, 44.780169715449276 ], [ -93.227838169517383, 44.780138997099769 ], [ -93.227760789042989, 44.798016905009945 ], [ -93.225190009883406, 44.797797333900824 ], [ -93.223173535239411, 44.801142393069888 ], [ -93.227741241879869, 44.801165445427962 ], [ -93.228809653691542, 44.805381448892184 ], [ -93.193243051271352, 44.831625976702952 ], [ -93.176248013520876, 44.861429676398373 ] ] ] } },
{ "type": "Feature", "properties": { "NAME": "ELM CREEK", "TYPE": "WMO", "id": "elm-creek" }, "geometry": { "type": "Polygon", "coordinates": [ [ [ -93.521454330795564, 45.245861495546144 ], [ -93.513896872378439, 45.245682627468348 ], [ -93.501966565860656, 45.241882140556768 ], [ -93.498695469567281, 45.239051673171147 ], [ -93.496771423651538, 45.234195894336843 ], [ -93.48477504529879, 45.225370182760443 ], [ -93.468063987436182, 45.225789496311684 ], [ -93.458222803331267, 45.220473092846902 ], [ -93.444931182417321, 45.216521215886203 ], [ -93.43429144401658, 45.217801096434087 ], [ -93.428460869412376, 45.216224675656214 ], [ -93.422520103069971, 45.211660638285245 ], [ -93.422323893101876, 45.195229549912838 ], [ -93.418502312302962, 45.19523742695219 ], [ -93.417542897700685, 45.188116003893164 ], [ -93.417173481089932, 45.190687687856695 ], [ -93.414630324533135, 45.190655871795009 ], [ -93.414642584815567, 45.192467425033009 ], [ -93.412086088692504, 45.190982688096589 ], [ -93.410615004404235, 45.194057793983568 ], [ -93.409578765769297, 45.191020359543501 ], [ -93.405528645815281, 45.191419170855596 ], [ -93.401950962098013, 45.189625604020613 ], [ -93.403382649316228, 45.186263368480311 ], [ -93.393729245948848, 45.184191727327089 ], [ -93.390652965645842, 45.186276432544553 ], [ -93.385543373035091, 45.184118043653108 ], [ -93.387487933455333, 45.180674824979761 ], [ -93.407002326961589, 45.180649362808175 ], [ -93.406959863274238, 45.177064273229753 ], [ -93.396760505824901, 45.177019291057896 ], [ -93.396298232705618, 45.15921139422926 ], [ -93.406654140159119, 45.159227398024235 ], [ -93.406620698134503, 45.152098187996877 ], [ -93.401579510009171, 45.152034612911713 ], [ -93.401988251549398, 45.130881583211625 ], [ -93.405687360046571, 45.130915484970345 ], [ -93.405092124145042, 45.132833627205407 ], [ -93.40701573165336, 45.132845365763771 ], [ -93.407032943801227, 45.131445210416246 ], [ -93.421908895886915, 45.135200402317281 ], [ -93.428061662725057, 45.132929439108793 ], [ -93.428399761816436, 45.130943341847065 ], [ -93.4221397146638, 45.131002749014392 ], [ -93.422159743636897, 45.12924717989214 ], [ -93.426178108444788, 45.129232749800813 ], [ -93.423629379437017, 45.119994577143238 ], [ -93.425311083300215, 45.119987957738324 ], [ -93.425272601964252, 45.1176390574674 ], [ -93.434377344566414, 45.116364849816804 ], [ -93.434392237567167, 45.112807614481014 ], [ -93.441795277260525, 45.112801798454662 ], [ -93.44164988001485, 45.10192257448108 ], [ -93.445378647746239, 45.101911653328784 ], [ -93.444030575705654, 45.091167001132398 ], [ -93.448378285985854, 45.091092964894223 ], [ -93.44800303766236, 45.087432536992637 ], [ -93.453534763775309, 45.087371568105532 ], [ -93.451712090103982, 45.086432799057036 ], [ -93.452245958071217, 45.083800329986971 ], [ -93.449239082941972, 45.083417817930375 ], [ -93.449004104493355, 45.08147078014396 ], [ -93.446656993350203, 45.080092993692205 ], [ -93.451591305744699, 45.080128778236364 ], [ -93.451535524829353, 45.069433999926581 ], [ -93.447652733361224, 45.066838060062437 ], [ -93.452597514204555, 45.054653195697639 ], [ -93.461507761215785, 45.054668839016763 ], [ -93.460249965027998, 45.058316134074161 ], [ -93.466620783090477, 45.05834018529265 ], [ -93.467853646861315, 45.061691142374386 ], [ -93.47170325713904, 45.062013205231146 ], [ -93.471716565900792, 45.058345197186952 ], [ -93.492016100518043, 45.058305115355807 ], [ -93.492044163373805, 45.051014753865537 ], [ -93.489498022479097, 45.051017147219888 ], [ -93.489481092689118, 45.047356454843253 ], [ -93.48690894030166, 45.04737188892836 ], [ -93.486885121157229, 45.04372179319121 ], [ -93.495860952066906, 45.043637789407761 ], [ -93.497324758701893, 45.042945987757101 ], [ -93.497319135673322, 45.039986175009915 ], [ -93.502324771720893, 45.039949012113603 ], [ -93.502313164006736, 45.036325152014584 ], [ -93.511338614951057, 45.035289192353673 ], [ -93.507386221381452, 45.032491524165557 ], [ -93.508439467133655, 45.024394049143019 ], [ -93.510289542885559, 45.023875532716588 ], [ -93.511994673720693, 45.026087934815855 ], [ -93.518924305326834, 45.027673225330368 ], [ -93.528909711072899, 45.026146525736991 ], [ -93.532534251084627, 45.026966498977856 ], [ -93.532552583883572, 45.02896381781062 ], [ -93.547822091695537, 45.028948560964778 ], [ -93.547806146390656, 45.024840910236748 ], [ -93.563207369200299, 45.021629907510764 ], [ -93.563291036321544, 45.014343999405028 ], [ -93.573206745159709, 45.014585397380571 ], [ -93.578599754532902, 45.016597283530736 ], [ -93.578437386158754, 45.021977848010742 ], [ -93.583591557653691, 45.022137816513464 ], [ -93.58365964434411, 45.047502607115895 ], [ -93.593914207551364, 45.047477740790917 ], [ -93.594050875620269, 45.05471342786489 ], [ -93.588552910556388, 45.054742600843213 ], [ -93.589151726157809, 45.061954334522397 ], [ -93.594282583255747, 45.061968399870196 ], [ -93.594404281040994, 45.065651046527641 ], [ -93.645843361295178, 45.065565122385898 ], [ -93.645862120806342, 45.145234515357387 ], [ -93.635503980033093, 45.145295538469483 ], [ -93.635381241974343, 45.152552808652835 ], [ -93.630228331730038, 45.152565269104251 ], [ -93.629762577558239, 45.174177663144363 ], [ -93.638398777549256, 45.174159849316972 ], [ -93.647820124994027, 45.179962698142866 ], [ -93.657125349791158, 45.189387093414993 ], [ -93.658644815998329, 45.193739502771535 ], [ -93.655254731602469, 45.198396401259373 ], [ -93.648673932918925, 45.198925332479782 ], [ -93.64544805873193, 45.200772165552316 ], [ -93.645737904855352, 45.203469357491251 ], [ -93.64277453541213, 45.204705926058452 ], [ -93.641686718748346, 45.207603994839175 ], [ -93.63849606461369, 45.209880679310189 ], [ -93.634679503597994, 45.209388587835193 ], [ -93.632276178407579, 45.204116011534005 ], [ -93.628755906163676, 45.202372050025517 ], [ -93.623183006650876, 45.203907816900809 ], [ -93.626278094633065, 45.207930214930933 ], [ -93.625271403841566, 45.209533395980209 ], [ -93.617927390659716, 45.209203604917754 ], [ -93.612695935311521, 45.211499147456045 ], [ -93.611191600104249, 45.208307566564123 ], [ -93.607897688297811, 45.212009873068595 ], [ -93.604431835144581, 45.213150074683021 ], [ -93.601349685706225, 45.208013637496016 ], [ -93.596999805736274, 45.207474123894322 ], [ -93.592798223733951, 45.210762911126167 ], [ -93.59378946399103, 45.217988522592684 ], [ -93.590567246010011, 45.21831621039221 ], [ -93.589890545914059, 45.21566817415075 ], [ -93.587509749290916, 45.214773027492264 ], [ -93.576289814538526, 45.218436321144516 ], [ -93.569764574512206, 45.218691615716054 ], [ -93.56229758963994, 45.223373400144688 ], [ -93.560756349922556, 45.227120093665 ], [ -93.557285413175961, 45.225088363771185 ], [ -93.554161164785242, 45.227092902369257 ], [ -93.548075584583842, 45.226682498354407 ], [ -93.542777955416213, 45.232354602994711 ], [ -93.534383548654063, 45.231034975891781 ], [ -93.533250144600501, 45.225129541054123 ], [ -93.531024093363143, 45.222748769589202 ], [ -93.528100475118038, 45.222617920568915 ], [ -93.525440209011663, 45.225555473660762 ], [ -93.526289760914793, 45.229864392880565 ], [ -93.52159831355111, 45.232864459448493 ], [ -93.520517476449427, 45.237777881061199 ], [ -93.514802797424721, 45.239186547261475 ], [ -93.516489802089865, 45.241847860197538 ], [ -93.521968145980523, 45.243515762532816 ], [ -93.521454330795564, 45.245861495546144 ] ] ] } },
{ "type": "Feature", "properties": { "NAME": "PRIOR LAKE-SPRING LAKE", "TYPE": "WD", "id": "prior-lake-spring-lake" }, "geometry": { "type": "Polygon", "coordinates": [ [ [ -93.439493270103569, 44.761098817748085 ], [ -93.379676238237963, 44.760701187917938 ], [ -93.379624104643682, 44.743272874238869 ], [ -93.374122871323564, 44.743430564107705 ], [ -93.373942916649227, 44.739641170776629 ], [ -93.368656153377145, 44.739644855220561 ], [ -93.368511964675264, 44.732168874603701 ], [ -93.383949921393068, 44.731505857504992 ], [ -93.384137173512116, 44.717222981884426 ], [ -93.393564918502406, 44.717123364506847 ], [ -93.393665001283111, 44.721642208743404 ], [ -93.398677551597487, 44.721651827795135 ], [ -93.398735123205512, 44.717222461395686 ], [ -93.418870381163742, 44.717118878860063 ], [ -93.418917600259462, 44.714859109820047 ], [ -93.42293217721236, 44.713408434408372 ], [ -93.423347396903225, 44.712241087945877 ], [ -93.418998230955026, 44.710996793565961 ], [ -93.4190719496832, 44.707490094318217 ], [ -93.42384872224396, 44.707467965257258 ], [ -93.424660763612579, 44.681695557170819 ], [ -93.434598630006889, 44.681568148236089 ], [ -93.434700349778737, 44.67444683625002 ], [ -93.424657974488099, 44.674565640279198 ], [ -93.424631478023912, 44.670505637356527 ], [ -93.429762143316978, 44.670450436195253 ], [ -93.429666993006009, 44.659917923359615 ], [ -93.424854255474983, 44.660039456469235 ], [ -93.424735131211008, 44.652630868614651 ], [ -93.429781557518695, 44.652535468688242 ], [ -93.429805071672135, 44.648835362343604 ], [ -93.444359817120755, 44.648779660436006 ], [ -93.444456607401236, 44.652371271913481 ], [ -93.44984972185749, 44.652368161480403 ], [ -93.449814130322778, 44.648731301194694 ], [ -93.45421540526182, 44.648682373093393 ], [ -93.454298091155081, 44.645189081191333 ], [ -93.475473303811896, 44.645255929498084 ], [ -93.475499552915082, 44.649095378472985 ], [ -93.480278307909458, 44.649133898470929 ], [ -93.480359261067377, 44.645190471246501 ], [ -93.485351770568286, 44.645097343737966 ], [ -93.48532758473128, 44.637895454512915 ], [ -93.490902983584476, 44.637799605810677 ], [ -93.491047892657875, 44.63498570225417 ], [ -93.501599314724515, 44.635034374363912 ], [ -93.501360225110503, 44.638199802011989 ], [ -93.506105082929665, 44.638201380297808 ], [ -93.506042285350418, 44.641267007217316 ], [ -93.516557207904498, 44.641246940174391 ], [ -93.516842408260743, 44.638085775082772 ], [ -93.531800586782822, 44.638242165282719 ], [ -93.531865827547549, 44.641113656403292 ], [ -93.536973831886499, 44.641157272810567 ], [ -93.53731406746887, 44.645359833664202 ], [ -93.541914692680066, 44.645383108736794 ], [ -93.541927425987581, 44.649078566306692 ], [ -93.552247781717114, 44.649006622391099 ], [ -93.551828071967549, 44.681250931533611 ], [ -93.531275038814215, 44.681370897611991 ], [ -93.531346998400224, 44.685102067420132 ], [ -93.510546273579735, 44.685331985313631 ], [ -93.510452674722757, 44.703409235924269 ], [ -93.490307353702633, 44.703560517047215 ], [ -93.490221351039921, 44.707859526992991 ], [ -93.484815527467717, 44.707855596026469 ], [ -93.484758025838914, 44.710844631393556 ], [ -93.480062996263172, 44.710954487197668 ], [ -93.48002854764799, 44.713898409804401 ], [ -93.475084157310292, 44.713941590899964 ], [ -93.475046156488816, 44.724776098614242 ], [ -93.469781961745952, 44.724815878775885 ], [ -93.469665873415821, 44.732121766149547 ], [ -93.459557014650173, 44.732023354634272 ], [ -93.459469124607963, 44.739365118436794 ], [ -93.46181377676514, 44.739373666085392 ], [ -93.461842621941173, 44.746417873427468 ], [ -93.45970237775208, 44.746435510777133 ], [ -93.459548055096292, 44.774532320587156 ], [ -93.439435975424772, 44.76848992389899 ], [ -93.439493270103569, 44.761098817748085 ] ] ] } },
{ "type": "Feature", "properties": { "NAME": "SHINGLE CREEK", "TYPE": "WMO", "id": "shingle-creek" }, "geometry": { "type": "Polygon", "coordinates": [ [ [ -93.424170841851193, 45.122272725142672 ], [ -93.413132112187739, 45.119333615203523 ], [ -93.413141154707773, 45.120971898719553 ], [ -93.404860578876139, 45.119210207439636 ], [ -93.404838727574784, 45.120952121124773 ], [ -93.402830904890806, 45.119244389732792 ], [ -93.391166179032396, 45.119163414214192 ], [ -93.390812614410152, 45.116086029074005 ], [ -93.376858689773528, 45.115970894905715 ], [ -93.37685718867273, 45.108801006262389 ], [ -93.319625588439834, 45.108745971934148 ], [ -93.319647247227195, 45.107359640837004 ], [ -93.317026301462874, 45.107294932264402 ], [ -93.316956276969961, 45.105193215845681 ], [ -93.306370407363374, 45.103736813064629 ], [ -93.303712639161546, 45.105008659371457 ], [ -93.303029539689163, 45.095045515608909 ], [ -93.300263633765354, 45.095021314739341 ], [ -93.300256981872195, 45.094206671359927 ], [ -93.303118805268639, 45.094577186307262 ], [ -93.30239747044574, 45.087557707675515 ], [ -93.308152762904939, 45.086615139519857 ], [ -93.308099029328901, 45.080016968471611 ], [ -93.30549425285453, 45.079992459426727 ], [ -93.305449899489602, 45.077629604904438 ], [ -93.301913070897342, 45.078372656487652 ], [ -93.301764325419867, 45.076514176947541 ], [ -93.305876173839579, 45.075594055877893 ], [ -93.30738236245476, 45.071057600061962 ], [ -93.300808662641316, 45.068563596807387 ], [ -93.299912725498231, 45.066594554466718 ], [ -93.302040452880533, 45.063285277578991 ], [ -93.309006784349037, 45.058743221509602 ], [ -93.304055556117135, 45.058243406059972 ], [ -93.304513117559324, 45.050977701522868 ], [ -93.300628745676022, 45.050974489743162 ], [ -93.300652326302341, 45.049264076589793 ], [ -93.298064377424254, 45.049230351806692 ], [ -93.296773540207028, 45.045637473549363 ], [ -93.294880284574376, 45.045624373905746 ], [ -93.294112939453072, 45.040220736191323 ], [ -93.290326976976644, 45.040153907498336 ], [ -93.290292005202602, 45.038416636471915 ], [ -93.287925373962409, 45.038427128434719 ], [ -93.287888555920219, 45.036860896308845 ], [ -93.282727415021995, 45.03681977855377 ], [ -93.283240324360051, 45.033262768372367 ], [ -93.281358552863807, 45.029275087113732 ], [ -93.290762914749692, 45.029319045418333 ], [ -93.29084032678449, 45.031366775779645 ], [ -93.294351962375231, 45.031353278034985 ], [ -93.294300205157469, 45.029769080776362 ], [ -93.292857350274787, 45.029759286964364 ], [ -93.294164110625175, 45.023877697953338 ], [ -93.300597894725087, 45.023865445973378 ], [ -93.300601225901104, 45.021394418076625 ], [ -93.296678397300127, 45.021391173129665 ], [ -93.296678804453819, 45.018474557949268 ], [ -93.300135709508709, 45.018461024497213 ], [ -93.300170220050774, 45.020283817802834 ], [ -93.301757354544733, 45.02032014379818 ], [ -93.302238416147702, 45.014805208467095 ], [ -93.305950418473913, 45.014849335987954 ], [ -93.305915954537909, 45.013143567349282 ], [ -93.320123036565519, 45.01316764137966 ], [ -93.328657660198175, 45.016645140001586 ], [ -93.328772765377323, 45.020403100960706 ], [ -93.341737859873874, 45.020504570784496 ], [ -93.342405455060131, 45.024040314629623 ], [ -93.344438676658172, 45.025285463058054 ], [ -93.355390636598926, 45.025328423395131 ], [ -93.357003705785544, 45.023446498650948 ], [ -93.35984100541701, 45.025282981202444 ], [ -93.359846942561632, 45.02382465662334 ], [ -93.364044807085506, 45.023824855376596 ], [ -93.365883675233022, 45.025497831042024 ], [ -93.370369416341873, 45.025708419003642 ], [ -93.370406773175645, 45.029102007964681 ], [ -93.374827875655384, 45.027264702094563 ], [ -93.37479063777775, 45.025509456691488 ], [ -93.380372612821162, 45.025509005553218 ], [ -93.380373479302705, 45.028934219482913 ], [ -93.385443443178119, 45.029020742521546 ], [ -93.385498550716363, 45.032679819990761 ], [ -93.388687510884836, 45.032988577753656 ], [ -93.389453545218387, 45.036316660759908 ], [ -93.39147166182623, 45.033910762187148 ], [ -93.395616386838043, 45.033288853268758 ], [ -93.395685869178436, 45.034908949701155 ], [ -93.39833991011389, 45.035232792691218 ], [ -93.398210767625059, 45.036862581520261 ], [ -93.400696410766884, 45.037146448271585 ], [ -93.400716029303382, 45.043708737607844 ], [ -93.405588038909215, 45.04378155771527 ], [ -93.405425692038847, 45.041077075254968 ], [ -93.408386087595446, 45.041804680216742 ], [ -93.409309614742057, 45.03905130488662 ], [ -93.410795229866054, 45.04167451485516 ], [ -93.416998262709114, 45.041634030450972 ], [ -93.417183155219902, 45.042943125851195 ], [ -93.420648381278525, 45.043380508022153 ], [ -93.420792177006277, 45.041669624941171 ], [ -93.425732995691462, 45.041624307916258 ], [ -93.425713461986149, 45.037438513756413 ], [ -93.427839254365253, 45.037169515655833 ], [ -93.427585727436423, 45.036103743666715 ], [ -93.436296593668487, 45.03619682401817 ], [ -93.43629231896854, 45.038766873573081 ], [ -93.438817705400197, 45.040165989843054 ], [ -93.44538771015803, 45.040194567682086 ], [ -93.445960592596919, 45.034057558855714 ], [ -93.45057199719048, 45.033980946431086 ], [ -93.450569766636576, 45.032432632833476 ], [ -93.457520916153427, 45.032459008325553 ], [ -93.45865887252404, 45.036055192938548 ], [ -93.461503662982537, 45.036070738131535 ], [ -93.461522944280446, 45.0383706375099 ], [ -93.458502948282316, 45.038985926949429 ], [ -93.466764378773377, 45.039812138706779 ], [ -93.46675273035116, 45.041990636989865 ], [ -93.471434008135773, 45.04198941248449 ], [ -93.471391602863022, 45.039869648964356 ], [ -93.476852620357775, 45.039851478427053 ], [ -93.476894406121062, 45.041633672729809 ], [ -93.486986515492447, 45.042698313140761 ], [ -93.487024358761772, 45.046924523225194 ], [ -93.489380452820242, 45.046990967141049 ], [ -93.48938839636044, 45.050668188757676 ], [ -93.492341532266792, 45.050691503233537 ], [ -93.492236320781629, 45.058550563713993 ], [ -93.472015643777667, 45.058676435233899 ], [ -93.472060564882057, 45.062254477599019 ], [ -93.468235350014496, 45.061910151676948 ], [ -93.466223695160139, 45.058632713017204 ], [ -93.459995968858351, 45.058639963193059 ], [ -93.461282593320206, 45.054872005660201 ], [ -93.451895773696904, 45.054882528372254 ], [ -93.448088011189924, 45.067009495002381 ], [ -93.450944791913415, 45.068708596411973 ], [ -93.450908535216939, 45.080303070118241 ], [ -93.446936376648608, 45.080296179446471 ], [ -93.449389668711902, 45.082969088190104 ], [ -93.452743399881498, 45.083833517385557 ], [ -93.453251418599621, 45.085811896837193 ], [ -93.451905622382654, 45.086559877756486 ], [ -93.453728979075052, 45.087700376470814 ], [ -93.447865492342203, 45.087768529928155 ], [ -93.448207404167576, 45.091120353848751 ], [ -93.444578767092494, 45.091211052112421 ], [ -93.445804000094199, 45.102197442657236 ], [ -93.441952523164957, 45.10227542427716 ], [ -93.442051394961496, 45.113027640679547 ], [ -93.43469988035811, 45.113096366858151 ], [ -93.434688940523728, 45.116679103349433 ], [ -93.427175772970259, 45.1167119533186 ], [ -93.425377139078137, 45.117776371393987 ], [ -93.424170841851193, 45.122272725142672 ] ] ] } },
{ "type": "Feature", "properties": { "NAME": "WEST MISSISSIPPI", "TYPE": "WMO", "id": "west-mississippi" }, "geometry": { "type": "MultiPolygon", "coordinates": [ [ [ [ -93.384826910799035, 45.184969280065687 ], [ -93.376510313204065, 45.179199943786557 ], [ -93.357057447972494, 45.175018406176413 ], [ -93.344555542620796, 45.159636072710732 ], [ -93.32923451592238, 45.153481730629267 ], [ -93.319941704686215, 45.146715578507724 ], [ -93.310142396250356, 45.145331417254553 ], [ -93.304526127518571, 45.140645194045554 ], [ -93.297045962151216, 45.12726632506206 ], [ -93.295842795532266, 45.12154561849642 ], [ -93.292481442924043, 45.11933732037609 ], [ -93.289598682582621, 45.112937183229931 ], [ -93.279917583440309, 45.106311384666846 ], [ -93.278377148815238, 45.10372273892574 ], [ -93.28016064319209, 45.087087816687358 ], [ -93.279595995303737, 45.07504479347832 ], [ -93.284886713007424, 45.059719621744883 ], [ -93.281831183965309, 45.050968412969247 ], [ -93.304513117559324, 45.050977701522868 ], [ -93.303717234845081, 45.05776270809038 ], [ -93.309006784349037, 45.058743221509602 ], [ -93.302040452880533, 45.063285277578991 ], [ -93.299912725498231, 45.066594554466718 ], [ -93.300808662641316, 45.068563596807387 ], [ -93.30738236245476, 45.071057600061962 ], [ -93.305876173839579, 45.075594055877893 ], [ -93.301764325419867, 45.076514176947541 ], [ -93.301913070897342, 45.078372656487652 ], [ -93.305449899489602, 45.077629604904438 ], [ -93.30549425285453, 45.079992459426727 ], [ -93.308099029328901, 45.080016968471611 ], [ -93.308152762904939, 45.086615139519857 ], [ -93.30239747044574, 45.087557707675515 ], [ -93.303118805268639, 45.094577186307262 ], [ -93.300256981872195, 45.094206671359927 ], [ -93.303029539689163, 45.095045515608909 ], [ -93.303712639161546, 45.105008659371457 ], [ -93.306370407363374, 45.103736813064629 ], [ -93.316956276969961, 45.105193215845681 ], [ -93.317026301462874, 45.107294932264402 ], [ -93.319647247227195, 45.107359640837004 ], [ -93.319625588439834, 45.108745971934148 ], [ -93.37685718867273, 45.108801006262389 ], [ -93.376858689773528, 45.115970894905715 ], [ -93.390812614410152, 45.116086029074005 ], [ -93.391166179032396, 45.119163414214192 ], [ -93.402830904890806, 45.119244389732792 ], [ -93.404838727574784, 45.120952121124773 ], [ -93.404860578876139, 45.119210207439636 ], [ -93.413141154707773, 45.120971898719553 ], [ -93.413132112187739, 45.119333615203523 ], [ -93.424170841851193, 45.122272725142672 ], [ -93.424008008430476, 45.126949728802927 ], [ -93.427158942892632, 45.126969493178706 ], [ -93.427169219003503, 45.128931830853482 ], [ -93.421888428457137, 45.128892949252581 ], [ -93.423420234802506, 45.130057504381092 ], [ -93.421875371925978, 45.130571818720746 ], [ -93.42864744956664, 45.130569106620641 ], [ -93.42865051890017, 45.132729507770598 ], [ -93.420941465350452, 45.134837578055333 ], [ -93.415672401262569, 45.132165363746864 ], [ -93.407407707377942, 45.13097541203998 ], [ -93.407363317353088, 45.133113478588086 ], [ -93.404652835902638, 45.133100610041026 ], [ -93.405294921955388, 45.130667869110475 ], [ -93.40260792179879, 45.13069987729979 ], [ -93.402001009429398, 45.151955038621004 ], [ -93.407105536552649, 45.151954960555663 ], [ -93.407168574221203, 45.159579159981647 ], [ -93.396655830665054, 45.159557644509427 ], [ -93.396866815490654, 45.176831100505076 ], [ -93.40746805182593, 45.17682527595624 ], [ -93.407395026020936, 45.18086277427701 ], [ -93.387379799882126, 45.180914413135241 ], [ -93.384826910799035, 45.184969280065687 ] ], [ [ -93.304884868519707, 45.134143841079172 ], [ -93.304779542948538, 45.131985489795518 ], [ -93.301173073813402, 45.129453232321708 ], [ -93.302613503911928, 45.133233774672192 ], [ -93.304884868519707, 45.134143841079172 ] ] ], [ [ [ -93.415066930973708, 45.200908776575787 ], [ -93.395916195767711, 45.192258703172413 ], [ -93.389565901503943, 45.187572689128821 ], [ -93.393460387337498, 45.184116213782104 ], [ -93.396780146067954, 45.185941062329846 ], [ -93.403500308732703, 45.186106552171779 ], [ -93.401485852036842, 45.189322732903442 ], [ -93.406913567828994, 45.192004011625841 ], [ -93.409196879782016, 45.190641109061801 ], [ -93.409255832052438, 45.193593430554692 ], [ -93.411599299719299, 45.192572326464457 ], [ -93.411498148998987, 45.190736359474798 ], [ -93.414368431532964, 45.192274261302231 ], [ -93.418494110843255, 45.188717078135049 ], [ -93.418282458323162, 45.195068499621271 ], [ -93.422335633335763, 45.195053583349093 ], [ -93.422327412972194, 45.211904620835071 ], [ -93.415066930973708, 45.200908776575787 ] ] ] ] } },
{ "type": "Feature", "properties": { "NAME": "VERMILLION RIVER", "TYPE": "COU", "id": "vermillion-river" }, "geometry": { "type": "MultiPolygon", "coordinates": [ [ [ [ -92.904343443389436, 44.773742413022021 ], [ -92.879792465977289, 44.774443589715794 ], [ -92.854071776044805, 44.747260984829005 ], [ -92.835991475374584, 44.747465587853071 ], [ -92.826657666620491, 44.750601553660829 ], [ -92.803415517006457, 44.746511952236077 ], [ -92.790110364819981, 44.738260028160518 ], [ -92.771788281209538, 44.732022270137293 ], [ -92.76008613234184, 44.725255522646904 ], [ -92.732362846216148, 44.714039983757871 ], [ -92.732313413792085, 44.62944388819448 ], [ -92.792395936147727, 44.629879492394942 ], [ -92.792458772032717, 44.615340530957802 ], [ -92.823060534975212, 44.615333523280043 ], [ -92.823070623109004, 44.609805979512466 ], [ -92.833109376979593, 44.609821089712504 ], [ -92.833131590083141, 44.608115139796524 ], [ -92.854312264002814, 44.608202638234573 ], [ -92.855934496527624, 44.606417690187882 ], [ -92.859047062436787, 44.606462085398682 ], [ -92.859022262085332, 44.608249060610717 ], [ -92.893474099945692, 44.608533960164714 ], [ -92.893428621443789, 44.61423702810977 ], [ -92.896228717853461, 44.613060274026985 ], [ -92.899566348253032, 44.615741512623401 ], [ -92.913988267988131, 44.615829805730712 ], [ -92.914022834186113, 44.612156796261075 ], [ -92.949597641680768, 44.612119519537323 ], [ -92.949521106016618, 44.608631000010675 ], [ -92.954189518378712, 44.608614962828526 ], [ -92.954206095300677, 44.61207644759191 ], [ -92.97469718803201, 44.612163848293058 ], [ -92.974717219984413, 44.594131734488755 ], [ -92.984809239483496, 44.594088509794076 ], [ -92.98484537286906, 44.586854945292373 ], [ -92.991555838188162, 44.588003467525915 ], [ -92.991556391504673, 44.586905152789775 ], [ -92.994653847699979, 44.586941350102748 ], [ -92.994696052229315, 44.590380336954695 ], [ -92.999141739151639, 44.589795289447089 ], [ -93.001955002124916, 44.586801918487168 ], [ -93.010447011643194, 44.586769948393538 ], [ -93.010440207454621, 44.588345400511372 ], [ -93.012261807404343, 44.588372227208588 ], [ -93.012294126124516, 44.586679738689696 ], [ -93.040292799316219, 44.586677794289258 ], [ -93.040222150589031, 44.5795657754907 ], [ -93.050247466817254, 44.579552802318233 ], [ -93.050334597450771, 44.576064258253602 ], [ -93.055362483841932, 44.5760394252694 ], [ -93.055414172952396, 44.572442861108783 ], [ -93.085931193964328, 44.572419476601354 ], [ -93.086053778886722, 44.57948192257961 ], [ -93.100037943590877, 44.5788718576976 ], [ -93.097278315345619, 44.57962145669309 ], [ -93.100000879413699, 44.580901974627785 ], [ -93.10627352627138, 44.579622443614674 ], [ -93.106455961768091, 44.58684234814573 ], [ -93.126285075559338, 44.587006697339177 ], [ -93.126264654290281, 44.579755136706446 ], [ -93.13687516077951, 44.579846443549798 ], [ -93.136953948037643, 44.586076139191711 ], [ -93.147027039392341, 44.587089910469935 ], [ -93.147195151188114, 44.594269247146535 ], [ -93.154209279801606, 44.594368022898877 ], [ -93.15426012826704, 44.592454908066202 ], [ -93.156936941520314, 44.592433256140595 ], [ -93.157064530983675, 44.587180077728277 ], [ -93.167090119142159, 44.587089328658642 ], [ -93.16724335171628, 44.579981562954451 ], [ -93.187213045851848, 44.579977583073244 ], [ -93.187233279419289, 44.565429343959742 ], [ -93.197253094067818, 44.565448489165043 ], [ -93.197372672618854, 44.561707695208995 ], [ -93.202744606360199, 44.561752301362461 ], [ -93.202777796287535, 44.565416307546606 ], [ -93.207543849463903, 44.568950273848145 ], [ -93.207416120125558, 44.576197601064351 ], [ -93.217746929419675, 44.57625939598536 ], [ -93.217733999221863, 44.573954755392343 ], [ -93.22257854598611, 44.574841175748844 ], [ -93.222531810246721, 44.576209661698627 ], [ -93.227028146911323, 44.57625482813809 ], [ -93.228069661836244, 44.578075778643871 ], [ -93.228177073861332, 44.576252538565655 ], [ -93.230893201614762, 44.577408414781971 ], [ -93.230920165508962, 44.576265030609406 ], [ -93.233257431682532, 44.57617475644858 ], [ -93.233234381492835, 44.572672792304871 ], [ -93.237997159262193, 44.572586444814412 ], [ -93.237960169569206, 44.569016988925021 ], [ -93.243009316672854, 44.568970347121734 ], [ -93.242950323648373, 44.565765543261222 ], [ -93.237963695679923, 44.565731028702835 ], [ -93.237904042803407, 44.561715986065643 ], [ -93.239890921817192, 44.561729835401863 ], [ -93.239933407203807, 44.564119941138593 ], [ -93.24156440013148, 44.56417502019287 ], [ -93.241583779581021, 44.561726267224948 ], [ -93.247937237803086, 44.561789173975725 ], [ -93.247893607898945, 44.558557327424218 ], [ -93.258325629485213, 44.558534208945559 ], [ -93.261148604936395, 44.559612605245412 ], [ -93.26108591400714, 44.561872406398116 ], [ -93.278169644289193, 44.562021131184636 ], [ -93.278160678017329, 44.558321075579869 ], [ -93.283284269219465, 44.558407511296913 ], [ -93.283397410303408, 44.561531140368253 ], [ -93.285574899780357, 44.562218918248547 ], [ -93.287536147931021, 44.561736858788173 ], [ -93.288844066630404, 44.55861415026083 ], [ -93.293311147847959, 44.558656781457827 ], [ -93.293347485760947, 44.562208222076819 ], [ -93.32844280995532, 44.562279238816679 ], [ -93.328503061144673, 44.564804299178448 ], [ -93.333998479433433, 44.565936193940999 ], [ -93.334234029264962, 44.558688397914267 ], [ -93.339042392821739, 44.5586787267723 ], [ -93.339196180536277, 44.55494218038659 ], [ -93.344004313054356, 44.554945804998127 ], [ -93.34398749915195, 44.55863693225232 ], [ -93.346420234693227, 44.55867009121512 ], [ -93.346480272521717, 44.560564960900187 ], [ -93.348930607747462, 44.560566503809099 ], [ -93.348930637984921, 44.562349022168917 ], [ -93.3588940030385, 44.562417177355847 ], [ -93.358810779661908, 44.573076527146696 ], [ -93.363831443456178, 44.573092152894795 ], [ -93.363753980162699, 44.576513386554794 ], [ -93.358641789739323, 44.576511548777034 ], [ -93.359741483084761, 44.578929787708311 ], [ -93.358743522652901, 44.581854266641294 ], [ -93.363749392878617, 44.581901451409671 ], [ -93.363809403232025, 44.583760293968865 ], [ -93.358687600693074, 44.583835010884791 ], [ -93.358616875574214, 44.587634321742549 ], [ -93.36871394135467, 44.587678693169146 ], [ -93.368713066880503, 44.594763719525012 ], [ -93.358630667137177, 44.594678790604995 ], [ -93.358757112023639, 44.602046988929168 ], [ -93.35358429408376, 44.602027110322787 ], [ -93.353611288631583, 44.606217714281719 ], [ -93.348547491067549, 44.606314303122197 ], [ -93.348476971158703, 44.609339373542802 ], [ -93.353590795292504, 44.609395676215357 ], [ -93.353247712974053, 44.616468230843012 ], [ -93.338204588243855, 44.61712143872176 ], [ -93.338330906437349, 44.630597837312827 ], [ -93.31837627680099, 44.630619196805604 ], [ -93.3183311520704, 44.674131319399621 ], [ -93.313257215389243, 44.674126197373305 ], [ -93.315205344179148, 44.681358865662794 ], [ -93.313305578554136, 44.681357717532833 ], [ -93.313344987724477, 44.688597252619203 ], [ -93.306953199879274, 44.68859977807557 ], [ -93.308300309960558, 44.690286276836893 ], [ -93.299762648511006, 44.693833408973852 ], [ -93.293306654954463, 44.688600220065993 ], [ -93.28817470971822, 44.688596021448184 ], [ -93.284796702250659, 44.684184346253588 ], [ -93.285757216139956, 44.68750273380671 ], [ -93.280966769285399, 44.688212197074428 ], [ -93.278780977324757, 44.684987096510895 ], [ -93.270722024874161, 44.686271670125848 ], [ -93.26891285458828, 44.692174874880749 ], [ -93.271741098877143, 44.694667421812547 ], [ -93.26460601696688, 44.698367380676622 ], [ -93.265610620398135, 44.700979801587316 ], [ -93.262748325321439, 44.703507793207613 ], [ -93.258320518307471, 44.703044903665365 ], [ -93.258379081508124, 44.707880646551146 ], [ -93.251582459673841, 44.710183910495211 ], [ -93.249391649534815, 44.712772603721646 ], [ -93.243825614699958, 44.712678300718082 ], [ -93.243884408337294, 44.714490439706395 ], [ -93.24070952509949, 44.717435213230729 ], [ -93.233095850600662, 44.717426245339894 ], [ -93.232974620744656, 44.719029662166413 ], [ -93.227992251743814, 44.720839234083755 ], [ -93.227973261862573, 44.724622524970535 ], [ -93.217750512397387, 44.726641342229748 ], [ -93.217746733134803, 44.731866989632188 ], [ -93.238127301313384, 44.731272852848626 ], [ -93.233028717906024, 44.731894175721486 ], [ -93.233039434410145, 44.739164828428521 ], [ -93.242974553854481, 44.739182738360356 ], [ -93.247386909529524, 44.73672578953785 ], [ -93.25144524515575, 44.736621075034741 ], [ -93.252689274125245, 44.738963638174994 ], [ -93.263252216043469, 44.740787310438577 ], [ -93.262578308003313, 44.743741946098105 ], [ -93.26505955036815, 44.745025751477236 ], [ -93.264916357669918, 44.746465838729769 ], [ -93.274608295887418, 44.74640320152691 ], [ -93.274885869939482, 44.749975492496944 ], [ -93.272610396123781, 44.750733850428922 ], [ -93.273010077824949, 44.753376054737103 ], [ -93.27460185279665, 44.75363766281486 ], [ -93.265719287607254, 44.753706613099723 ], [ -93.265748027588231, 44.755834858072085 ], [ -93.26396426157973, 44.756585899517177 ], [ -93.263211239923152, 44.754177350901571 ], [ -93.261557835560041, 44.754659149931314 ], [ -93.260429298376863, 44.759190767271825 ], [ -93.256589690117451, 44.758305434593538 ], [ -93.256869448022911, 44.76066924182269 ], [ -93.239921657643379, 44.760239312402696 ], [ -93.24067983162324, 44.757268771203982 ], [ -93.237970705886497, 44.757417242937095 ], [ -93.238005413184354, 44.755416549929969 ], [ -93.229091936127602, 44.757835027070293 ], [ -93.223984485860043, 44.7608971563252 ], [ -93.223882428061415, 44.763350310252164 ], [ -93.222669791233358, 44.763348853196845 ], [ -93.225353103153125, 44.7683554217503 ], [ -93.221519450763253, 44.770754531885423 ], [ -93.222402903478965, 44.774977619220927 ], [ -93.220981619898168, 44.775856842119396 ], [ -93.223201066988977, 44.776068670852247 ], [ -93.015686324661885, 44.775482708133026 ], [ -93.004635304178649, 44.771946613304053 ], [ -92.988372751280181, 44.775293480308818 ], [ -92.955926079470387, 44.766948838422067 ], [ -92.944253153731466, 44.769420072009048 ], [ -92.937360299693154, 44.778147065044443 ], [ -92.92959997948212, 44.781197226089731 ], [ -92.916995977298257, 44.776178424885835 ], [ -92.904343443389436, 44.773742413022021 ] ] ], [ [ [ -93.226585572549226, 44.780013490278201 ], [ -93.22783850749174, 44.779944681427452 ], [ -93.227838192967809, 44.780124712243833 ], [ -93.226585572549226, 44.780013490278201 ] ] ], [ [ [ -93.318422133080006, 44.70304158228479 ], [ -93.318410321444134, 44.688595214298765 ], [ -93.318342288066205, 44.717327359821887 ], [ -93.318422133080006, 44.70304158228479 ] ] ] ] } },
{ "type": "Feature", "properties": { "NAME": "LOWER MINNESOTA RIVER", "TYPE": "WD", "id": "lower-minnesota-river" }, "geometry": { "type": "Polygon", "coordinates": [ [ [ -93.201502636141427, 44.899368047654583 ], [ -93.17589038837572, 44.892894547453736 ], [ -93.165518051078919, 44.893769751212538 ], [ -93.155256928521027, 44.896822367929374 ], [ -93.147991951476357, 44.895468196380918 ], [ -93.156892839844019, 44.888425676913876 ], [ -93.166051816305682, 44.887125426343928 ], [ -93.172707846515166, 44.880517007501076 ], [ -93.173930105329376, 44.876320164991895 ], [ -93.172238510628318, 44.870282301185654 ], [ -93.173004288379772, 44.866810820697474 ], [ -93.192668113123801, 44.831661892797548 ], [ -93.223204882061026, 44.810009991706082 ], [ -93.227538029626558, 44.804847663330882 ], [ -93.248359050226156, 44.804979826293028 ], [ -93.248342692112686, 44.798403725328939 ], [ -93.258337165129092, 44.797615413337702 ], [ -93.258298468324469, 44.790450498403231 ], [ -93.268408655484478, 44.790418342809559 ], [ -93.268464562495737, 44.786371695004291 ], [ -93.273658398754733, 44.786363868878247 ], [ -93.27376200796374, 44.779449877353159 ], [ -93.279244212893246, 44.776673760511123 ], [ -93.288664257222337, 44.774938153967625 ], [ -93.288867968796325, 44.768125146001154 ], [ -93.301721909668743, 44.768058641634362 ], [ -93.30402601205104, 44.768971183598808 ], [ -93.304735253013916, 44.772421671117073 ], [ -93.308269007148667, 44.771876551314733 ], [ -93.308659998889325, 44.76802214335283 ], [ -93.310732701044785, 44.769097169602652 ], [ -93.314801084870396, 44.767989238095545 ], [ -93.358630466257608, 44.76811959171107 ], [ -93.358650386126101, 44.760553097346815 ], [ -93.439493270103569, 44.761098817748085 ], [ -93.439435975424772, 44.76848992389899 ], [ -93.464331291123187, 44.77551672744071 ], [ -93.540793002250567, 44.77682316915763 ], [ -93.566237301712277, 44.775993168530427 ], [ -93.578584256515498, 44.76571819022935 ], [ -93.583603258489234, 44.758103714030277 ], [ -93.642736953528043, 44.758344361168326 ], [ -93.642340679293, 44.776351170412092 ], [ -93.618434032710084, 44.776357100978217 ], [ -93.607282802159972, 44.787449221929215 ], [ -93.605543090111908, 44.788435204763154 ], [ -93.60503813018893, 44.786686941780772 ], [ -93.601540847748069, 44.788811945088355 ], [ -93.601894598097076, 44.79821743201466 ], [ -93.592082356420633, 44.798214711532466 ], [ -93.592026113152556, 44.80515572776148 ], [ -93.581616817148131, 44.805155201695563 ], [ -93.581726312565024, 44.811960327065279 ], [ -93.540182403439033, 44.813541726533145 ], [ -93.537503288027096, 44.818951195101903 ], [ -93.54148105523457, 44.818986417518857 ], [ -93.541534775760937, 44.822614052453673 ], [ -93.546200623230874, 44.82269535770773 ], [ -93.546214262987405, 44.826107126985079 ], [ -93.531866692072668, 44.826143340054628 ], [ -93.5298650387696, 44.824995861875337 ], [ -93.51540210601091, 44.82602978576741 ], [ -93.515427691667782, 44.823045440327355 ], [ -93.485356489197343, 44.822132943862201 ], [ -93.486865294231947, 44.818521136917866 ], [ -93.483347111855636, 44.817473820091138 ], [ -93.479026427484172, 44.817870117820618 ], [ -93.478889715271521, 44.822506828935133 ], [ -93.469873016109077, 44.822602796930532 ], [ -93.470007458582913, 44.833310357184359 ], [ -93.463892430734674, 44.833393874170191 ], [ -93.445661474331501, 44.828614290733974 ], [ -93.439295215127331, 44.829287114584858 ], [ -93.438967530066591, 44.818926838382367 ], [ -93.434320363386377, 44.818904096205557 ], [ -93.43225739148366, 44.815234518407642 ], [ -93.424157763485837, 44.814720253627137 ], [ -93.409725194509619, 44.811518641581308 ], [ -93.406581460500945, 44.809171293828257 ], [ -93.398604246351226, 44.808200167650227 ], [ -93.398504293753561, 44.804473592488648 ], [ -93.378808460886773, 44.804333568898862 ], [ -93.37873279313672, 44.811792166823032 ], [ -93.368413577947265, 44.811726897288473 ], [ -93.368465623923584, 44.815183582198422 ], [ -93.362917862025554, 44.815192344261582 ], [ -93.358651672278867, 44.814220078583404 ], [ -93.358460895096826, 44.811303957599385 ], [ -93.357159373687125, 44.811091981938191 ], [ -93.356612819521857, 44.814748591952622 ], [ -93.35015365399812, 44.814813589541352 ], [ -93.350107981476526, 44.829275775878877 ], [ -93.347107418573643, 44.829464978932535 ], [ -93.34752134496587, 44.826902594842394 ], [ -93.345122369493524, 44.82573508242907 ], [ -93.346477402484084, 44.823745993726888 ], [ -93.339812912008625, 44.82388754787538 ], [ -93.339815164737658, 44.821916058013834 ], [ -93.3369603088899, 44.81923735724417 ], [ -93.32952712441211, 44.819236541273789 ], [ -93.329586542396058, 44.804895827980332 ], [ -93.319411656878231, 44.804830215037001 ], [ -93.319380076370038, 44.79939295090665 ], [ -93.31257392156472, 44.801842386963855 ], [ -93.311230221515487, 44.799667514276152 ], [ -93.302721810259484, 44.799771404404908 ], [ -93.303993266865362, 44.804728260833812 ], [ -93.29113848072663, 44.807331891866539 ], [ -93.291289746177767, 44.82647021738854 ], [ -93.263563091190903, 44.826391103833949 ], [ -93.242424049644598, 44.84230221993954 ], [ -93.237548045302631, 44.851211110322261 ], [ -93.237578241668047, 44.862018132866503 ], [ -93.247765991134244, 44.861991266655579 ], [ -93.24788556916225, 44.876302519240127 ], [ -93.226734324006244, 44.876236541341271 ], [ -93.226484007251443, 44.897525109743768 ], [ -93.212757270352313, 44.898503609831629 ], [ -93.212748212728854, 44.896047299489211 ], [ -93.207268226581732, 44.896091667191804 ], [ -93.207235384154131, 44.898775518732862 ], [ -93.201502636141427, 44.899368047654583 ] ] ] } },
{ "type": "Feature", "properties": { "NAME": "NINE MILE CREEK", "TYPE": "WD", "id": "nine-mile-creek" }, "geometry": { "type": "Polygon", "coordinates": [ [ [ -93.318855315783367, 44.883568622696359 ], [ -93.318795481478219, 44.872733598751431 ], [ -93.30877001679842, 44.872728622128079 ], [ -93.308713521639035, 44.869007285018334 ], [ -93.299748611485271, 44.868932331329709 ], [ -93.301356104711886, 44.865512946876173 ], [ -93.298761129103326, 44.865511780828875 ], [ -93.298333853213393, 44.862020420482366 ], [ -93.278550262361804, 44.861840030060982 ], [ -93.27864184502026, 44.847859458135908 ], [ -93.268474378046093, 44.847771285346347 ], [ -93.268493129613887, 44.826521585523622 ], [ -93.291289746177767, 44.82647021738854 ], [ -93.29113848072663, 44.807331891866539 ], [ -93.303993266865362, 44.804728260833812 ], [ -93.302721810259484, 44.799771404404908 ], [ -93.311230221515487, 44.799667514276152 ], [ -93.31257392156472, 44.801842386963855 ], [ -93.319380076370038, 44.79939295090665 ], [ -93.319411656878231, 44.804830215037001 ], [ -93.329586542396058, 44.804895827980332 ], [ -93.32952712441211, 44.819236541273789 ], [ -93.3369603088899, 44.81923735724417 ], [ -93.339815164737658, 44.821916058013834 ], [ -93.339812912008625, 44.82388754787538 ], [ -93.346477402484084, 44.823745993726888 ], [ -93.345122369493524, 44.82573508242907 ], [ -93.34752134496587, 44.826902594842394 ], [ -93.347107418573643, 44.829464978932535 ], [ -93.350107981476526, 44.829275775878877 ], [ -93.350118789220247, 44.825836902809598 ], [ -93.358400988505622, 44.827089524191621 ], [ -93.358547269574984, 44.832958496065913 ], [ -93.362857933645998, 44.832985391201532 ], [ -93.363784928679166, 44.831524087153348 ], [ -93.368270196229389, 44.83154572060279 ], [ -93.368286596116604, 44.826112842044374 ], [ -93.388517314588157, 44.82604130924053 ], [ -93.388514743042705, 44.835309076271656 ], [ -93.39166521560486, 44.835221796584051 ], [ -93.390184769011668, 44.83776998127486 ], [ -93.391193010965409, 44.838882802629215 ], [ -93.408063991333634, 44.836541713854125 ], [ -93.410019212672324, 44.840513674929781 ], [ -93.414812243101991, 44.843431075537232 ], [ -93.419123926363895, 44.843977969072583 ], [ -93.419077928520821, 44.845814580741632 ], [ -93.423886131920199, 44.846742063306394 ], [ -93.42402137017946, 44.850999585137657 ], [ -93.420270211851417, 44.855064422109201 ], [ -93.420658456994232, 44.85727302131292 ], [ -93.425467109810896, 44.858128416549597 ], [ -93.42569132093989, 44.861503386300264 ], [ -93.418935780440023, 44.865916911380204 ], [ -93.424805157920446, 44.86885243138029 ], [ -93.434564042698156, 44.868950746251222 ], [ -93.443390505250122, 44.872805739172406 ], [ -93.449973713209289, 44.872761986204601 ], [ -93.450152428145287, 44.876605188773645 ], [ -93.45901747868696, 44.876475379397277 ], [ -93.459238542381499, 44.884022764073869 ], [ -93.472617353843233, 44.883905166406066 ], [ -93.474742635827042, 44.889243601732055 ], [ -93.472266148374644, 44.891567409031886 ], [ -93.476397953824048, 44.89149173438075 ], [ -93.475441493683192, 44.895150570521707 ], [ -93.482057099806724, 44.895176849948577 ], [ -93.482500135132128, 44.901017333319849 ], [ -93.486675070467797, 44.901049129684779 ], [ -93.486720196660229, 44.909821459641421 ], [ -93.484713031476417, 44.91263864090773 ], [ -93.477777570180962, 44.913000942826947 ], [ -93.477866327045334, 44.905222783453688 ], [ -93.46716561753577, 44.905388585577512 ], [ -93.467333747886443, 44.919056783877544 ], [ -93.462908641002429, 44.919208631610623 ], [ -93.462664367741738, 44.922335586465024 ], [ -93.438180398679563, 44.925834626404466 ], [ -93.428825466297809, 44.930177612625386 ], [ -93.427883150952582, 44.927804608889545 ], [ -93.421039598115485, 44.928091103446604 ], [ -93.420887867690865, 44.932745715480756 ], [ -93.414178094686818, 44.932666723200605 ], [ -93.40539911461093, 44.930060627828503 ], [ -93.405716339453278, 44.924437726505772 ], [ -93.391500547916522, 44.924694391101696 ], [ -93.39170195626545, 44.920827320669183 ], [ -93.385169308585517, 44.920732513061139 ], [ -93.385083558139925, 44.914948981098661 ], [ -93.381638881578425, 44.913655245224675 ], [ -93.355115758149125, 44.913263688702116 ], [ -93.353593084345547, 44.912430210351403 ], [ -93.354119991744042, 44.906564272276448 ], [ -93.361223379155916, 44.900856259540198 ], [ -93.361691544048952, 44.897005949360903 ], [ -93.349738201715851, 44.896605813205959 ], [ -93.349770785468834, 44.893952720391781 ], [ -93.337076597050526, 44.891047207422311 ], [ -93.32874123551359, 44.890954477859864 ], [ -93.328793256698077, 44.883761646539128 ], [ -93.318855315783367, 44.883568622696359 ] ] ] } },
{ "type": "Feature", "properties": { "NAME": "LOWER RUM RIVER", "TYPE": "WMO", "id": "lower-rum-river" }, "geometry": { "type": "Polygon", "coordinates": [ [ [ -93.510971327639069, 45.299318618544774 ], [ -93.265368656821337, 45.298115478206078 ], [ -93.265184998580381, 45.281632282266607 ], [ -93.284540005589335, 45.265786200070359 ], [ -93.285578878441811, 45.262254730837924 ], [ -93.290891095996841, 45.262335562456968 ], [ -93.292292502259855, 45.258316688325529 ], [ -93.298330472469814, 45.258210315116003 ], [ -93.298298053636444, 45.262464116548962 ], [ -93.306445493193465, 45.262582424996189 ], [ -93.3064785022747, 45.259005835481588 ], [ -93.314856040835409, 45.259151271209731 ], [ -93.315811960883138, 45.26272542632536 ], [ -93.34680340048115, 45.262699759415938 ], [ -93.346938679304557, 45.240422314204594 ], [ -93.352137119148622, 45.235476591661495 ], [ -93.352178345773979, 45.231987335450732 ], [ -93.354542563165239, 45.232769215510849 ], [ -93.3571810372747, 45.228782217328046 ], [ -93.354200904163108, 45.228758351008508 ], [ -93.354910995996917, 45.226767764235319 ], [ -93.351748872209242, 45.226597666534268 ], [ -93.352945511720037, 45.21972298631637 ], [ -93.349398210565283, 45.219685908650739 ], [ -93.34924065205081, 45.215903283410768 ], [ -93.347320080692398, 45.215899471464915 ], [ -93.347334263702194, 45.213915188509993 ], [ -93.348060414763339, 45.212287012426223 ], [ -93.362443681056106, 45.212314608514951 ], [ -93.364910367194298, 45.210168502777009 ], [ -93.365383150113601, 45.204891168991601 ], [ -93.367134183886591, 45.204903005971929 ], [ -93.367162282919537, 45.202814098505087 ], [ -93.362846532369858, 45.201043597725842 ], [ -93.362845969584967, 45.198309446285585 ], [ -93.361424656896418, 45.197439685501998 ], [ -93.368240005739807, 45.197500234429334 ], [ -93.368287531485535, 45.19026385976867 ], [ -93.373530212485434, 45.190388209591845 ], [ -93.373513931811146, 45.178438283944075 ], [ -93.381779179157462, 45.181941455939018 ], [ -93.395916195767711, 45.192258703172413 ], [ -93.413106498752001, 45.199255087077802 ], [ -93.423143868063619, 45.212954785128034 ], [ -93.429565877042322, 45.216801494434797 ], [ -93.433011591421632, 45.218404266904173 ], [ -93.444483600469695, 45.216937946159163 ], [ -93.45738900269555, 45.22028959018769 ], [ -93.466778502471627, 45.225846080674515 ], [ -93.483314526798836, 45.225430740397066 ], [ -93.494854570947723, 45.232663589836854 ], [ -93.502696988668362, 45.242058468300847 ], [ -93.51265469329563, 45.245834653303788 ], [ -93.510971327639069, 45.299318618544774 ] ] ] } },
{ "type": "Feature", "properties": { "NAME": "MISSISSIPPI WMO (MWMO)", "TYPE": "WMO", "id": "mississippi" }, "geometry": { "type": "Polygon", "coordinates": [ [ [ -93.274663796532963, 45.086180191886754 ], [ -93.258355191810679, 45.08614025107974 ], [ -93.258051675217857, 45.078924613745563 ], [ -93.251693303553949, 45.078875797171385 ], [ -93.251475083707135, 45.074587530471227 ], [ -93.247459896586989, 45.071664617157566 ], [ -93.247612925056544, 45.067716668321843 ], [ -93.236755720370809, 45.066200385754023 ], [ -93.236721445459736, 45.061662208751876 ], [ -93.227164550719877, 45.061596649550609 ], [ -93.227071799266781, 45.049951538568337 ], [ -93.231094510121721, 45.049949154239926 ], [ -93.237141576325996, 45.038257268622267 ], [ -93.234583495922976, 45.038266122675459 ], [ -93.234558829506412, 45.035641077227062 ], [ -93.225762675161462, 45.035675706934931 ], [ -93.225487945016781, 45.031336207665376 ], [ -93.218161758064653, 45.031362031821295 ], [ -93.218097293996095, 45.027748656168477 ], [ -93.213001159260997, 45.027772086910751 ], [ -93.21294450862392, 45.024166574451982 ], [ -93.20957702850275, 45.024661093093506 ], [ -93.207938291320033, 45.027804605147296 ], [ -93.207556721086277, 44.991679876290512 ], [ -93.20243303817719, 44.991679762365983 ], [ -93.202544915460052, 44.977582620770853 ], [ -93.19748544701342, 44.975774376771213 ], [ -93.201019948776917, 44.973017155820848 ], [ -93.206421818619376, 44.971648853401305 ], [ -93.206501865054292, 44.969302572901206 ], [ -93.20771308167096, 44.969607049404672 ], [ -93.207751222144154, 44.953056061460785 ], [ -93.203023052948524, 44.950188631510372 ], [ -93.200979757346417, 44.945317561059113 ], [ -93.200091071688576, 44.928629326267945 ], [ -93.201501244645925, 44.917932948229399 ], [ -93.207652481354103, 44.919716906027595 ], [ -93.207642431474639, 44.923412266239907 ], [ -93.21274835594923, 44.923384864688543 ], [ -93.212759876698527, 44.921570930241458 ], [ -93.215300645924387, 44.92154816453656 ], [ -93.2153018773204, 44.923362075206086 ], [ -93.218460793864125, 44.923329070140618 ], [ -93.214290417857498, 44.916831533134655 ], [ -93.215257939292982, 44.916473272602786 ], [ -93.228546580824627, 44.93412978360179 ], [ -93.237175546569091, 44.934103022670691 ], [ -93.237194031779893, 44.935921559012577 ], [ -93.240579918220973, 44.935923478681786 ], [ -93.240573188465248, 44.939528804023873 ], [ -93.243579902245415, 44.939544935875219 ], [ -93.242325678596032, 44.946551173223583 ], [ -93.244874440716004, 44.946568241748714 ], [ -93.24488211468757, 44.948373128294108 ], [ -93.251224689037713, 44.94836385327789 ], [ -93.251208073580003, 44.944736079226949 ], [ -93.255036993135448, 44.94475009792567 ], [ -93.256308533305727, 44.950061011822051 ], [ -93.258849177386097, 44.950086087419784 ], [ -93.258823455110218, 44.945628812500175 ], [ -93.267741813561386, 44.946665454313681 ], [ -93.270202292935281, 44.941370975457964 ], [ -93.266405762463307, 44.94137539368559 ], [ -93.26637125419424, 44.939566067960904 ], [ -93.263829174908835, 44.939558465752775 ], [ -93.263793226477659, 44.937762645035669 ], [ -93.266334809018559, 44.937765748193613 ], [ -93.267536756980221, 44.934157626587982 ], [ -93.262500265518284, 44.934155810944155 ], [ -93.262488971111551, 44.930546021343829 ], [ -93.266274137567578, 44.930550761861774 ], [ -93.266278887900867, 44.928750343172176 ], [ -93.262491859052901, 44.92874560708848 ], [ -93.262511754757355, 44.926940652150407 ], [ -93.274031038690609, 44.926904590984378 ], [ -93.274165815100403, 44.912446969112416 ], [ -93.275458309279529, 44.912425854851975 ], [ -93.275430484671077, 44.91604925206974 ], [ -93.290827986284327, 44.914129648931421 ], [ -93.289588790558867, 44.921379454476828 ], [ -93.288309473919838, 44.921382690361881 ], [ -93.288314914326236, 44.923183086554218 ], [ -93.285721050931883, 44.92320760949454 ], [ -93.286982293242986, 44.928632679595154 ], [ -93.290810473868333, 44.928631997766189 ], [ -93.290834493603711, 44.926800021247168 ], [ -93.293447896372385, 44.926802567653887 ], [ -93.293370264761535, 44.937691035853327 ], [ -93.30220483370978, 44.937712471696649 ], [ -93.302172736524085, 44.939521963410037 ], [ -93.298373890784632, 44.939513947465173 ], [ -93.298361453603405, 44.941318885162694 ], [ -93.295812632919308, 44.941325515526486 ], [ -93.295790222469591, 44.942900926774001 ], [ -93.291974212099248, 44.942910746448703 ], [ -93.292018311637221, 44.939498868212858 ], [ -93.284336788479123, 44.939509249219924 ], [ -93.284314824315913, 44.941318710126374 ], [ -93.281433440305648, 44.941276335898124 ], [ -93.282999197045186, 44.950102585965851 ], [ -93.284274514087883, 44.95010823068953 ], [ -93.284304464026192, 44.94660291896718 ], [ -93.285566537275571, 44.946604271172916 ], [ -93.285547407947305, 44.950103727371115 ], [ -93.288088142570473, 44.950101411816078 ], [ -93.288097483058138, 44.948362308509644 ], [ -93.300831846913411, 44.948365482483496 ], [ -93.300805328782104, 44.949966074996645 ], [ -93.295712495652225, 44.950305385803695 ], [ -93.295706819588659, 44.951947748628193 ], [ -93.293166940146207, 44.951950210780346 ], [ -93.29316853668908, 44.950290116501449 ], [ -93.28133472365964, 44.950746696840461 ], [ -93.281303483619524, 44.95732723453682 ], [ -93.28677098243945, 44.957330037189578 ], [ -93.288052638396593, 44.953732117142181 ], [ -93.29061671821492, 44.953734621343436 ], [ -93.290553120022295, 44.960920935676327 ], [ -93.292727227239268, 44.960917323699768 ], [ -93.296787786750102, 44.955541659475678 ], [ -93.302246503567176, 44.95716459931468 ], [ -93.299721039912953, 44.959907758138094 ], [ -93.29438259283377, 44.959121674507408 ], [ -93.293076303435527, 44.962707827480607 ], [ -93.291812642435133, 44.962697559446603 ], [ -93.291794203366535, 44.967423648052389 ], [ -93.29767491815187, 44.967522354568921 ], [ -93.294364405509739, 44.969875663071008 ], [ -93.294743536350254, 44.97289377383283 ], [ -93.289556649007054, 44.976500678047408 ], [ -93.289528747704225, 44.978939680982641 ], [ -93.301226264241592, 44.978764161345573 ], [ -93.303243867646472, 44.981594421652993 ], [ -93.311082264339817, 44.981555337646796 ], [ -93.311059027151103, 44.986096298106773 ], [ -93.309686830216251, 44.986094261540558 ], [ -93.309555093708866, 44.987896860773951 ], [ -93.31078688468547, 44.991516793860413 ], [ -93.309512726945258, 44.991515755843125 ], [ -93.308202298135484, 45.000575241799297 ], [ -93.2999813003388, 45.004535473742337 ], [ -93.298040377999612, 45.002622011951814 ], [ -93.298045386188022, 45.004828604675595 ], [ -93.299659827638493, 45.004936904008829 ], [ -93.298756045294766, 45.007765873730399 ], [ -93.296219995041227, 45.007756878522038 ], [ -93.295570347540988, 45.009552040772071 ], [ -93.295576342270564, 45.011334403521069 ], [ -93.300627800690123, 45.01138873243324 ], [ -93.301391558979674, 45.015008909077324 ], [ -93.304453019699977, 45.015028872024693 ], [ -93.3031865430967, 45.020415376765264 ], [ -93.298103670227391, 45.018587869580976 ], [ -93.298113983478942, 45.021268987004468 ], [ -93.301925766105938, 45.021298479134792 ], [ -93.301972040017034, 45.024037355000509 ], [ -93.294372465910072, 45.023976179176032 ], [ -93.293154728061836, 45.027476544295816 ], [ -93.294502025985636, 45.03152842507275 ], [ -93.290651056019883, 45.031515785898804 ], [ -93.290479619450636, 45.029387277725604 ], [ -93.281705225417625, 45.029337152970072 ], [ -93.283173874829629, 45.036732818908675 ], [ -93.288827349964635, 45.036718994293544 ], [ -93.288858602950981, 45.038514787821711 ], [ -93.295271316047803, 45.04025825286125 ], [ -93.29529767850812, 45.043917440978788 ], [ -93.296601568716525, 45.043918563062142 ], [ -93.296614863377457, 45.04572340069209 ], [ -93.29978296830997, 45.045692174776406 ], [ -93.299827190037377, 45.049332120438649 ], [ -93.301731760966362, 45.049346744706916 ], [ -93.301721875652547, 45.051165144032232 ], [ -93.280931920714252, 45.051127598262894 ], [ -93.284457470187121, 45.060201086156262 ], [ -93.279067749005605, 45.075434234445169 ], [ -93.278334423839468, 45.087094595416744 ], [ -93.275711480630449, 45.087991867381298 ], [ -93.274663796532963, 45.086180191886754 ] ] ] } },
{ "type": "Feature", "properties": { "NAME": "CAPITOL REGION", "TYPE": "WD", "id": "capitol-region" }, "geometry": { "type": "Polygon", "coordinates": [ [ [ -93.114182778925056, 45.0134106868746 ], [ -93.114017901666458, 45.011664481593129 ], [ -93.106022103742063, 45.009939315698539 ], [ -93.105986149505341, 45.006140542109407 ], [ -93.086565750840265, 45.006206424001903 ], [ -93.086481171709238, 44.991632365344884 ], [ -93.073674152347508, 44.991788454890191 ], [ -93.073663131000316, 44.98780144372131 ], [ -93.075972658234107, 44.986450218329452 ], [ -93.076132799003219, 44.98359071673061 ], [ -93.073615457408607, 44.983611058763508 ], [ -93.073609058628037, 44.981914417735595 ], [ -93.066008205137649, 44.982948467903867 ], [ -93.065993199702973, 44.981143979680084 ], [ -93.063435255875518, 44.981143801566162 ], [ -93.063414332020812, 44.978456354821311 ], [ -93.06087699412511, 44.978402822655397 ], [ -93.060871654758031, 44.976643269469022 ], [ -93.0532522173134, 44.976652106732331 ], [ -93.053282491945382, 44.970354349275496 ], [ -93.048212142236039, 44.970326545582139 ], [ -93.048222590100252, 44.968517663508266 ], [ -93.044999793098228, 44.969497847419468 ], [ -93.043654847275732, 44.964043786372898 ], [ -93.041627018275847, 44.96312372687774 ], [ -93.045911257841226, 44.963119522093493 ], [ -93.045910641868929, 44.961315402637261 ], [ -93.053297862537121, 44.961284406740518 ], [ -93.05333382509761, 44.964003799072771 ], [ -93.060940824766334, 44.963978855737125 ], [ -93.060938759587302, 44.962177819689501 ], [ -93.058403185244671, 44.962169362027879 ], [ -93.058337618412125, 44.956761965102579 ], [ -93.055769638596814, 44.956762528720375 ], [ -93.055554713697077, 44.943333476675861 ], [ -93.057106649603156, 44.942126440825007 ], [ -93.065036369720076, 44.94584003293371 ], [ -93.074348692276658, 44.94756723743771 ], [ -93.095874402475175, 44.940489114206827 ], [ -93.112143541540959, 44.926179069939835 ], [ -93.129053906356646, 44.919490694561418 ], [ -93.135945914920839, 44.906155141331951 ], [ -93.149955657067821, 44.896631405708135 ], [ -93.17589038837572, 44.892894547453736 ], [ -93.190584671441925, 44.896282764704594 ], [ -93.191867925438189, 44.8979865120141 ], [ -93.19177023595249, 44.903842531539894 ], [ -93.200634030891976, 44.908467873652171 ], [ -93.20299306241705, 44.915233258910114 ], [ -93.203103659201432, 44.917744636751834 ], [ -93.200550617612038, 44.918973428182383 ], [ -93.200296071375007, 44.941204406626078 ], [ -93.201953721095762, 44.949114257441856 ], [ -93.208093068638178, 44.953136133936098 ], [ -93.207923681876963, 44.962948615191145 ], [ -93.205363283231591, 44.9629802539216 ], [ -93.203614052543813, 44.966390636474053 ], [ -93.207889198740659, 44.966346926510838 ], [ -93.20787456325489, 44.971730134774184 ], [ -93.197145329339222, 44.97503937955603 ], [ -93.202585323196615, 44.97775295354657 ], [ -93.202568512220978, 44.982659050645246 ], [ -93.19686861301355, 44.982660016427431 ], [ -93.195754007166428, 44.986505765595112 ], [ -93.192500444568353, 44.985948674192038 ], [ -93.192332370145365, 44.991638186446075 ], [ -93.186995228228156, 44.991674055732524 ], [ -93.18689327486004, 44.998727238394977 ], [ -93.168680912224616, 44.998832106312058 ], [ -93.166318214778528, 44.991697037451175 ], [ -93.166092359661249, 44.998736879007083 ], [ -93.15684346887322, 44.998875982330382 ], [ -93.156837689553754, 45.002134687571683 ], [ -93.147317098702729, 45.002151866157149 ], [ -93.146252481962151, 45.006366133175725 ], [ -93.144964953628303, 45.006381277597562 ], [ -93.146188451594568, 45.009566395745416 ], [ -93.135840500975888, 45.010218308393554 ], [ -93.136136677322597, 45.011532234569366 ], [ -93.124893392405824, 45.011554085269275 ], [ -93.123682633781328, 45.01320725292841 ], [ -93.117340336047818, 45.012786354791899 ], [ -93.117055045789527, 45.014271961989579 ], [ -93.114182778925056, 45.0134106868746 ] ] ] } },
{ "type": "Feature", "properties": { "NAME": "RAMSEY-WASHINGTON METRO", "TYPE": "WD", "id": "ramsey-washington-metro" }, "geometry": { "type": "Polygon", "coordinates": [ [ [ -93.116824521406912, 45.088341865177483 ], [ -93.116746756814592, 45.082807067960402 ], [ -93.118742598481148, 45.082819380783185 ], [ -93.117007304014464, 45.079477343851011 ], [ -93.106456315852256, 45.079226864078969 ], [ -93.106267085969137, 45.045904537614305 ], [ -93.097783451630207, 45.046649628314185 ], [ -93.085515843470134, 45.041953729640092 ], [ -93.084159778606661, 45.038962039698177 ], [ -93.079137315811209, 45.041934043295285 ], [ -93.062291437173684, 45.04315459745726 ], [ -93.060713271125579, 45.050469689641531 ], [ -93.045952167770423, 45.050377275313686 ], [ -93.045949822198693, 45.052743464456427 ], [ -93.042331695689285, 45.052759534952223 ], [ -93.04233391078391, 45.050360253347556 ], [ -93.032262837468423, 45.050360476371246 ], [ -93.031312955848605, 45.053730627238487 ], [ -93.02557193315802, 45.05384164631608 ], [ -93.025604671663416, 45.055087554073417 ], [ -93.02161924525997, 45.055470967029272 ], [ -93.021295432732686, 45.057543115869748 ], [ -93.016679888995284, 45.055732571304183 ], [ -93.010189033981092, 45.05565618727541 ], [ -93.010226122185827, 45.057429535166904 ], [ -93.000028832158819, 45.06106679666081 ], [ -92.998005500774596, 45.060583528563278 ], [ -92.999697972224695, 45.055781066601043 ], [ -92.994924679604893, 45.055717941356278 ], [ -92.994874070173026, 45.053575501031254 ], [ -92.992398408788659, 45.053629374138566 ], [ -92.992274254905908, 45.050195161964119 ], [ -92.989853907102429, 45.050194972589338 ], [ -92.989936347627648, 45.039469268287689 ], [ -92.99511463688134, 45.038812471034099 ], [ -92.995108866869515, 45.032025060019095 ], [ -93.000554610342647, 45.031921641828568 ], [ -93.000593449024478, 45.028091341858222 ], [ -92.994996935194877, 45.028136243228651 ], [ -92.994966928930737, 45.021978950896852 ], [ -92.984784849156711, 45.022068321962109 ], [ -92.984791806920683, 45.023728680249988 ], [ -92.982226229186466, 45.023683171617257 ], [ -92.981374593351362, 45.012614507796449 ], [ -92.9798327791259, 45.012595629098421 ], [ -92.979818212395656, 45.011093500581708 ], [ -92.977472681015684, 45.012251608552461 ], [ -92.974724293975854, 45.010828341082728 ], [ -92.978116255863057, 45.008958053522122 ], [ -92.976014049404512, 45.006610889787055 ], [ -92.976819223108862, 45.004490077168782 ], [ -92.984708603614038, 45.001933661082425 ], [ -92.984691731475664, 44.999529258803086 ], [ -92.974683236635229, 44.997202559336166 ], [ -92.974680331686187, 44.992165433849387 ], [ -92.972332888470675, 44.991388766322345 ], [ -92.972261413292628, 44.989376288259571 ], [ -92.969618865376646, 44.989351834527731 ], [ -92.968028234585688, 44.984967207058745 ], [ -92.964604905147496, 44.985630286583969 ], [ -92.964609391743508, 44.983195521074059 ], [ -92.961839085404748, 44.983213285553596 ], [ -92.96182923383823, 44.98124787907345 ], [ -92.959335225345825, 44.981264481175288 ], [ -92.959573974278015, 44.983452002300091 ], [ -92.955247989927855, 44.98432044761126 ], [ -92.954359670885822, 44.983267291586323 ], [ -92.954376857898382, 44.974096558938847 ], [ -92.952674921722647, 44.970514890428994 ], [ -92.954409716056531, 44.970504690229873 ], [ -92.955555014779463, 44.966848488339899 ], [ -92.957676818519801, 44.966839905294577 ], [ -92.95726544452593, 44.963942637071654 ], [ -92.954303045845265, 44.963530957355708 ], [ -92.954610257019553, 44.960803754168623 ], [ -92.952262045973384, 44.960832672564344 ], [ -92.95204154066937, 44.959094964667393 ], [ -92.949214282992003, 44.959564178398971 ], [ -92.947288188376533, 44.956590400012857 ], [ -92.940285614574535, 44.956151736489467 ], [ -92.940292669037945, 44.954964300197688 ], [ -92.945368406905843, 44.954926232100682 ], [ -92.945818468461269, 44.952500549637335 ], [ -92.949908747639924, 44.949637961041837 ], [ -92.94923887861215, 44.945037693736786 ], [ -92.951242536056881, 44.945291347775942 ], [ -92.952067546620199, 44.93576278746729 ], [ -92.949239982836218, 44.933527890990831 ], [ -92.948537467669439, 44.929586038973838 ], [ -92.937991437887518, 44.928984138445252 ], [ -92.937027457641875, 44.926964779935325 ], [ -92.934281097821213, 44.92674558659602 ], [ -92.934050340353295, 44.919929720937844 ], [ -92.926544390618901, 44.919893213195337 ], [ -92.928921465421936, 44.916155183725301 ], [ -92.934018762170282, 44.91612807828124 ], [ -92.937051968348243, 44.91251470515018 ], [ -92.944141063270621, 44.914091604058491 ], [ -92.944140469164182, 44.91576023493797 ], [ -92.946690484695665, 44.915866946156903 ], [ -92.948169379948311, 44.918676887458588 ], [ -92.959550620922911, 44.919755325389502 ], [ -92.958511783677849, 44.917828654153602 ], [ -92.960343983051274, 44.916369902155047 ], [ -92.95999780803055, 44.913050785941451 ], [ -92.95876480218692, 44.912513772113044 ], [ -92.956721935971899, 44.901536228952644 ], [ -92.954228018820601, 44.900006625349342 ], [ -92.954147616389037, 44.890829225206254 ], [ -92.959206382207825, 44.8908392271873 ], [ -92.959163242862218, 44.885407314191916 ], [ -92.9642215221577, 44.885414492251108 ], [ -92.964265148653737, 44.890849005990276 ], [ -92.974454915060363, 44.890968802174491 ], [ -92.974511275777473, 44.898050304884784 ], [ -92.979606290974502, 44.898045971206386 ], [ -92.979577225506247, 44.894434311656603 ], [ -92.984208976407061, 44.894428043272427 ], [ -92.984191655874696, 44.890814239021772 ], [ -93.020024931915984, 44.890748173666552 ], [ -93.040854547224512, 44.903860096054693 ], [ -93.045175444397231, 44.912304096103895 ], [ -93.051332535311843, 44.919762783654775 ], [ -93.04990374075885, 44.933548870412359 ], [ -93.055269124375073, 44.940201368035659 ], [ -93.055769638596814, 44.956762528720375 ], [ -93.058337618412125, 44.956761965102579 ], [ -93.058403185244671, 44.962169362027879 ], [ -93.060938759587302, 44.962177819689501 ], [ -93.060940824766334, 44.963978855737125 ], [ -93.05333382509761, 44.964003799072771 ], [ -93.053297862537121, 44.961284406740518 ], [ -93.045910641868929, 44.961315402637261 ], [ -93.045911257841226, 44.963119522093493 ], [ -93.041621634747116, 44.9640377696673 ], [ -93.043654847275732, 44.964043786372898 ], [ -93.044999793098228, 44.969497847419468 ], [ -93.048222590100252, 44.968517663508266 ], [ -93.048212142236039, 44.970326545582139 ], [ -93.053282491945382, 44.970354349275496 ], [ -93.0532522173134, 44.976652106732331 ], [ -93.060871654758031, 44.976643269469022 ], [ -93.060877112893905, 44.978441949616681 ], [ -93.063414332020812, 44.978456354821311 ], [ -93.063435255875518, 44.981143801566162 ], [ -93.065993199702973, 44.981143979680084 ], [ -93.066008205137649, 44.982948467903867 ], [ -93.073609058628037, 44.981914417735595 ], [ -93.073615457408607, 44.983611058763508 ], [ -93.076132799003219, 44.98359071673061 ], [ -93.076153338508078, 44.985823893612633 ], [ -93.073663131000316, 44.98780144372131 ], [ -93.073674585193388, 44.991945100068989 ], [ -93.086292512020933, 44.991803699745986 ], [ -93.086510834846337, 45.00625740296227 ], [ -93.105968895695085, 45.006305592069111 ], [ -93.105981680296523, 45.009939075058831 ], [ -93.114017901666458, 45.011664481593129 ], [ -93.114182778925056, 45.0134106868746 ], [ -93.117055045789527, 45.014271961989579 ], [ -93.117340336047818, 45.012786354791899 ], [ -93.123682633781328, 45.01320725292841 ], [ -93.124893392405824, 45.011554085269275 ], [ -93.136136677322597, 45.011532234569366 ], [ -93.135840500975888, 45.010218308393554 ], [ -93.146188451594568, 45.009566395745416 ], [ -93.144964953628303, 45.006381277597562 ], [ -93.146252481962151, 45.006366133175725 ], [ -93.147317098702729, 45.002151866157149 ], [ -93.156837689553754, 45.002134687571683 ], [ -93.156830097886015, 45.006473623555827 ], [ -93.154346965404997, 45.00647700643573 ], [ -93.154365375442708, 45.010230779625857 ], [ -93.156778661532599, 45.010295006582446 ], [ -93.156848621557018, 45.013261039348365 ], [ -93.161869997830181, 45.013182017472417 ], [ -93.161982864879533, 45.016782618786728 ], [ -93.156862021243484, 45.0168617822372 ], [ -93.156868211659273, 45.020872118942279 ], [ -93.146750051052138, 45.02046247945529 ], [ -93.146760985522391, 45.022879473615959 ], [ -93.141792595262913, 45.022921757717377 ], [ -93.141831421835349, 45.028043783067638 ], [ -93.136755378329966, 45.028545077632209 ], [ -93.137069983204881, 45.038694313280011 ], [ -93.142099401368924, 45.03871067095595 ], [ -93.142214046346993, 45.039984292125908 ], [ -93.140459792114612, 45.043501689832411 ], [ -93.137019883605973, 45.043636395604274 ], [ -93.137007997728801, 45.050293279985077 ], [ -93.133456201690066, 45.050274981022469 ], [ -93.1313915957044, 45.057456343814934 ], [ -93.132027741889686, 45.064495041710167 ], [ -93.142174878627557, 45.064536871463886 ], [ -93.142229742218746, 45.071774265824153 ], [ -93.147445050996282, 45.071781154531728 ], [ -93.147485432868478, 45.079455143233389 ], [ -93.132291902201672, 45.079550268475444 ], [ -93.132348652885256, 45.086589606919134 ], [ -93.127008712141873, 45.086560849476513 ], [ -93.126641344003886, 45.091205085517146 ], [ -93.123248627913654, 45.088444111374933 ], [ -93.116824521406912, 45.088341865177483 ] ] ] } },
{ "type": "Feature", "properties": { "NAME": "SOUTH WASHINGTON", "TYPE": "WD", "id": "south-washington" }, "geometry": { "type": "Polygon", "coordinates": [ [ [ -92.952128807634935, 44.972832275412124 ], [ -92.949170477555796, 44.970661762213901 ], [ -92.93641602860616, 44.970746107913477 ], [ -92.936421590016039, 44.96894455208826 ], [ -92.933892381813251, 44.968961646645695 ], [ -92.933894996296885, 44.963557521610007 ], [ -92.923810098623235, 44.963602495388599 ], [ -92.923808064341344, 44.961358300602392 ], [ -92.918718460573928, 44.955077042875104 ], [ -92.913635954283095, 44.955083278629481 ], [ -92.914168745577825, 44.948525587605701 ], [ -92.90340071716281, 44.948549063246723 ], [ -92.903411391213623, 44.9450430436356 ], [ -92.898342264407333, 44.945048629009193 ], [ -92.898348851509866, 44.941671555306407 ], [ -92.896963599327407, 44.943104266129318 ], [ -92.894776859676313, 44.94167772363997 ], [ -92.888200093421361, 44.941688688463856 ], [ -92.888243583110196, 44.934441067401714 ], [ -92.872907014611599, 44.934584380362729 ], [ -92.872765061518635, 44.930970148934797 ], [ -92.867765050925655, 44.930965851766182 ], [ -92.867753998910501, 44.927375219925693 ], [ -92.869547312514769, 44.926258387919802 ], [ -92.874661475494946, 44.927329009974251 ], [ -92.874632056784705, 44.920070818288075 ], [ -92.879229481465316, 44.920019262119489 ], [ -92.877974246683451, 44.91280237938534 ], [ -92.872849764668217, 44.912869649966211 ], [ -92.872850294819898, 44.909230658265884 ], [ -92.867706757046776, 44.909306411613834 ], [ -92.86768604812427, 44.905676157478823 ], [ -92.862521254747392, 44.905760418929049 ], [ -92.862511071738226, 44.902141907581118 ], [ -92.867666305479759, 44.902069515504962 ], [ -92.867657110545963, 44.900389623377791 ], [ -92.862506327218014, 44.90045608624596 ], [ -92.862500888187, 44.898523396631155 ], [ -92.860541822032332, 44.898471970618672 ], [ -92.862502381283278, 44.895916157404983 ], [ -92.858139338174098, 44.89580157451153 ], [ -92.858120902209819, 44.891066828285112 ], [ -92.853052561925566, 44.890850221244726 ], [ -92.853030178306497, 44.887291824244436 ], [ -92.847925999005923, 44.887198690870761 ], [ -92.847872262963179, 44.879970773802007 ], [ -92.842759644625787, 44.879848791249294 ], [ -92.842762453974075, 44.876216213752116 ], [ -92.837680915250019, 44.87630719791624 ], [ -92.837693474298547, 44.879948575931635 ], [ -92.832627287119223, 44.880048134950485 ], [ -92.832599359907647, 44.876397955952129 ], [ -92.826300099677155, 44.876550923775646 ], [ -92.826156826377442, 44.872941905046176 ], [ -92.820620859693335, 44.872998595088788 ], [ -92.820538636377862, 44.871182794044515 ], [ -92.817142045511147, 44.871166779163843 ], [ -92.817223989168397, 44.872978787812073 ], [ -92.81337311131584, 44.872956211140369 ], [ -92.813504850295786, 44.875702973109689 ], [ -92.803007132715166, 44.877269952100754 ], [ -92.801960285673218, 44.88362837334018 ], [ -92.798642602862998, 44.883632831786876 ], [ -92.798636629096407, 44.882177537103985 ], [ -92.79184012685397, 44.880886601176265 ], [ -92.791841898028309, 44.879017106003189 ], [ -92.794332490596489, 44.878388175261918 ], [ -92.793927297715697, 44.876629034514941 ], [ -92.781600359404763, 44.876505241528577 ], [ -92.781271775648491, 44.862026597272958 ], [ -92.769801471785442, 44.862104704350131 ], [ -92.76544374139749, 44.840529500378835 ], [ -92.76619978681687, 44.834425871301185 ], [ -92.77216323193656, 44.828130906888397 ], [ -92.773376285062326, 44.821150572653657 ], [ -92.781997056136817, 44.811945668230869 ], [ -92.783397074122888, 44.797539068335247 ], [ -92.78734679343917, 44.790290838249199 ], [ -92.799476175444397, 44.779521832715723 ], [ -92.806103629387849, 44.768673580192939 ], [ -92.809410411248251, 44.751719248982575 ], [ -92.8055783764149, 44.749778907549889 ], [ -92.803423951528771, 44.74663124669609 ], [ -92.826657288949406, 44.750727906069422 ], [ -92.835991118078596, 44.747591940392013 ], [ -92.853963349341896, 44.747345115216554 ], [ -92.87619163264128, 44.772142735892807 ], [ -92.882416226213621, 44.775204813977126 ], [ -92.906284726264701, 44.774331980602376 ], [ -92.930916436048065, 44.781259213949241 ], [ -92.937947127763763, 44.777787553521513 ], [ -92.944253032192705, 44.769546424518872 ], [ -92.95677745030909, 44.767080959214795 ], [ -92.988188951329079, 44.775408661860027 ], [ -93.006361427629614, 44.772179600336621 ], [ -93.014193002709277, 44.774597580236581 ], [ -93.018693752234881, 44.778767958000124 ], [ -93.021896662456882, 44.78731414537976 ], [ -93.022011360545974, 44.793705102265882 ], [ -93.00639715905757, 44.81261393936721 ], [ -93.005072678587567, 44.816549877556618 ], [ -93.011902473858953, 44.836698625036782 ], [ -93.00858641006559, 44.856649199066624 ], [ -93.009357132341179, 44.862743219043935 ], [ -93.013732257731192, 44.870750501746052 ], [ -93.017269435472869, 44.885703929088784 ], [ -93.020054220437729, 44.890874487794285 ], [ -92.984191621263378, 44.890940588889613 ], [ -92.984208941829309, 44.894554393059977 ], [ -92.979577180786293, 44.894560661440785 ], [ -92.979606246312585, 44.898172320910341 ], [ -92.974511219957535, 44.89817665458412 ], [ -92.974454859130788, 44.891095152031113 ], [ -92.964265070414555, 44.890975355837533 ], [ -92.964221443837829, 44.885540842219037 ], [ -92.959163153469703, 44.885533664152518 ], [ -92.95920629289283, 44.89096557702733 ], [ -92.95414751599823, 44.890955575038035 ], [ -92.954227918573778, 44.900132974977367 ], [ -92.956721841182045, 44.901662578550955 ], [ -92.958764051800742, 44.912640120332256 ], [ -92.959997526549557, 44.913177133420902 ], [ -92.96034251264274, 44.916496247348341 ], [ -92.958508498349758, 44.917953721239641 ], [ -92.959550451184001, 44.919881672758486 ], [ -92.948168947443293, 44.918802826021917 ], [ -92.946690367876087, 44.91599329541814 ], [ -92.944140346757109, 44.915886584196222 ], [ -92.944140940208499, 44.914217330410715 ], [ -92.93754518284608, 44.912639195436405 ], [ -92.934017838783532, 44.916254101183021 ], [ -92.928921309662741, 44.916281532937525 ], [ -92.92661933687576, 44.919107459434336 ], [ -92.934046496128431, 44.920056037336273 ], [ -92.93428095495068, 44.926873108553949 ], [ -92.937027319593881, 44.927091128928332 ], [ -92.9379913019432, 44.929110487395718 ], [ -92.948537354843296, 44.929712387933989 ], [ -92.949239871534985, 44.933654239864779 ], [ -92.952064436537015, 44.935889164742441 ], [ -92.951242429102805, 44.945417696392376 ], [ -92.949238767263836, 44.945164042355046 ], [ -92.94990863774342, 44.949764309559171 ], [ -92.945814602094387, 44.952626930512523 ], [ -92.945368287026071, 44.955052580491369 ], [ -92.940292538020159, 44.955090648576331 ], [ -92.940285482186781, 44.956278163158373 ], [ -92.947288072702676, 44.956716748370546 ], [ -92.949214171533342, 44.959690526694416 ], [ -92.952041435417371, 44.959221312978642 ], [ -92.952261904029669, 44.960959502428253 ], [ -92.9546087893155, 44.960931697055251 ], [ -92.95430294554096, 44.963657305572504 ], [ -92.957265350722707, 44.964068985284321 ], [ -92.95767672561017, 44.966966253443566 ], [ -92.955554917211941, 44.966974836485136 ], [ -92.952128807634935, 44.972832275412124 ] ] ] } },
{ "type": "Feature", "properties": { "NAME": "VALLEY BRANCH", "TYPE": "WD", "id": "valley-branch" }, "geometry": { "type": "Polygon", "coordinates": [ [ [ -92.921861947326008, 45.062690213538211 ], [ -92.91661111926193, 45.061338790626259 ], [ -92.91669408892389, 45.057727321227318 ], [ -92.914130500265017, 45.057728241884327 ], [ -92.914092807183962, 45.059538342887301 ], [ -92.9128155416212, 45.059538779269715 ], [ -92.912853273728714, 45.057728679618357 ], [ -92.906456828172807, 45.05773065458812 ], [ -92.906892262061362, 45.056533481669462 ], [ -92.906473153087319, 45.056140013656062 ], [ -92.901933719516734, 45.056942859777571 ], [ -92.903977654341404, 45.050475549652617 ], [ -92.895473044819681, 45.050582476240308 ], [ -92.894324244575259, 45.048405511957448 ], [ -92.882626171040584, 45.048954333198253 ], [ -92.883580073783435, 45.044703176286419 ], [ -92.873328492010074, 45.043400649780857 ], [ -92.873285843544096, 45.036137845360919 ], [ -92.870732521066671, 45.036145325224545 ], [ -92.870698809954689, 45.032332385362473 ], [ -92.873254794457694, 45.032299336672416 ], [ -92.873235326212651, 45.029892198518368 ], [ -92.863003938575602, 45.030007915265273 ], [ -92.862990331642521, 45.028786070093133 ], [ -92.856678172805459, 45.026066122263586 ], [ -92.847367524742921, 45.035133860136618 ], [ -92.843474847275488, 45.035976659459635 ], [ -92.843267209792558, 45.028892272057419 ], [ -92.838145696454745, 45.028855228919397 ], [ -92.83805751988308, 45.025230109936167 ], [ -92.827799228025384, 45.025150538075735 ], [ -92.82770033374274, 45.017900539756063 ], [ -92.823244555396414, 45.016901475472956 ], [ -92.824070440081655, 45.015396035825098 ], [ -92.822566443890366, 45.015095431036777 ], [ -92.822574092979963, 45.003947645258911 ], [ -92.814897222438276, 45.001541975581183 ], [ -92.814893156720885, 44.999751174441428 ], [ -92.817459662821463, 44.999762697807441 ], [ -92.81740598514871, 44.99251875640379 ], [ -92.812293732660152, 44.992493609632554 ], [ -92.81226449904662, 44.988868244681235 ], [ -92.822482364002227, 44.988915566913946 ], [ -92.822423294517861, 44.982329765652608 ], [ -92.81731203221878, 44.981637858626705 ], [ -92.817320725459268, 44.973012345622948 ], [ -92.819878475185831, 44.972567421493324 ], [ -92.817324083345028, 44.972559822858834 ], [ -92.817341027678012, 44.970276867884387 ], [ -92.809662316603138, 44.970710202608998 ], [ -92.809675438833594, 44.967080952640977 ], [ -92.807096196293202, 44.967074665468431 ], [ -92.807053263476135, 44.952523165917263 ], [ -92.796832889720449, 44.95249535308777 ], [ -92.796848569672989, 44.948841955056409 ], [ -92.791742746315705, 44.94886800324236 ], [ -92.791797406835187, 44.945353952909514 ], [ -92.786681261240929, 44.945429754992091 ], [ -92.786727057128999, 44.941833252422214 ], [ -92.78160063742078, 44.941916479287215 ], [ -92.781769651318513, 44.930979540658704 ], [ -92.776620447191391, 44.930988064569839 ], [ -92.776732057953211, 44.91287298511061 ], [ -92.771593848477849, 44.912970202921464 ], [ -92.771450721650893, 44.908379210199399 ], [ -92.773073331630997, 44.908525564394559 ], [ -92.774237200574618, 44.906100324228525 ], [ -92.764357341188443, 44.905916743619024 ], [ -92.773221856766909, 44.901592057283587 ], [ -92.775240586623553, 44.896806755379608 ], [ -92.774960102951155, 44.890426874618242 ], [ -92.763784010986399, 44.873780035310219 ], [ -92.769801975281226, 44.861978354858351 ], [ -92.781272254054969, 44.861900247680168 ], [ -92.781600837333642, 44.876378892254714 ], [ -92.793927748671322, 44.876502685142938 ], [ -92.794332940692996, 44.878261825925776 ], [ -92.791842353585366, 44.878890756700919 ], [ -92.791840582444593, 44.880760251915532 ], [ -92.798637069831713, 44.882051187818263 ], [ -92.798643043607555, 44.883506482533463 ], [ -92.801960719155787, 44.883502024061102 ], [ -92.803007563810809, 44.87714360267244 ], [ -92.813505258396205, 44.875576623568975 ], [ -92.813373519665461, 44.872829861539579 ], [ -92.817224389092416, 44.872852438184353 ], [ -92.817142445589198, 44.871040429496446 ], [ -92.820539029024701, 44.871056444353748 ], [ -92.82062125218512, 44.872872245437776 ], [ -92.826157206755497, 44.872815555356233 ], [ -92.826300479789523, 44.876424574164922 ], [ -92.832599726233255, 44.876271606296584 ], [ -92.832627653430293, 44.879921785375863 ], [ -92.837693829520589, 44.879822226322602 ], [ -92.837681270454482, 44.876180848226362 ], [ -92.842762798057478, 44.876089864028927 ], [ -92.8427599887589, 44.879722441606816 ], [ -92.84787259590837, 44.879844424131768 ], [ -92.84792633191735, 44.887072341360806 ], [ -92.853030500045222, 44.887165474707125 ], [ -92.853052883655181, 44.890723871786328 ], [ -92.858121212845091, 44.890940478803309 ], [ -92.858139648820256, 44.895675225134831 ], [ -92.862502682376459, 44.895789808007358 ], [ -92.8605982975796, 44.89834568986435 ], [ -92.862557359499178, 44.898397114904071 ], [ -92.862562800420321, 44.900329804561345 ], [ -92.867713572413805, 44.900263339131463 ], [ -92.867722768980229, 44.901943231293266 ], [ -92.862567546589375, 44.902015625933593 ], [ -92.862577733138195, 44.905634137361091 ], [ -92.867742515130331, 44.905549873341549 ], [ -92.867763227580227, 44.909180127550975 ], [ -92.87290675402167, 44.909104371645327 ], [ -92.872906227451679, 44.9127433634307 ], [ -92.878030698183466, 44.912676090302654 ], [ -92.879285937317036, 44.919892972581195 ], [ -92.874688522753402, 44.919944531034766 ], [ -92.874717948544557, 44.927202722875336 ], [ -92.869603795709878, 44.926132103337693 ], [ -92.867810487132957, 44.927248936261201 ], [ -92.867821542661616, 44.930839568179984 ], [ -92.87282154230752, 44.930843862863163 ], [ -92.872963498649767, 44.934458094304752 ], [ -92.888300033409408, 44.934314773722079 ], [ -92.888256550948611, 44.94156239497373 ], [ -92.894833302780185, 44.941551426884992 ], [ -92.897020039042332, 44.942977968322225 ], [ -92.898405286779564, 44.941545256778923 ], [ -92.898398703013328, 44.944922330562939 ], [ -92.903467818703319, 44.9449167426747 ], [ -92.903457148123863, 44.948422762371862 ], [ -92.914225152909466, 44.948399281391787 ], [ -92.913692369228471, 44.954956972830146 ], [ -92.918774864367819, 44.954950734556995 ], [ -92.923864463144994, 44.961231989906786 ], [ -92.923866499627749, 44.963476184743286 ], [ -92.933951375133418, 44.963431205970352 ], [ -92.933948765962981, 44.96883533113045 ], [ -92.936477968599178, 44.968818235320832 ], [ -92.936472408970843, 44.970619791189812 ], [ -92.949226829847532, 44.97053543917928 ], [ -92.950939774836201, 44.972584589320974 ], [ -92.953593243366683, 44.972287111992607 ], [ -92.955304244104028, 44.9843204696407 ], [ -92.959630227608059, 44.983452022198406 ], [ -92.959391476536538, 44.981264501190445 ], [ -92.96188548501442, 44.981247897860207 ], [ -92.961895338502856, 44.983213304336125 ], [ -92.964665644825985, 44.983195538492055 ], [ -92.964661160611172, 44.985630304004914 ], [ -92.968084489402784, 44.984967222793252 ], [ -92.969675124483359, 44.989351849479874 ], [ -92.972317672424552, 44.989376301909971 ], [ -92.972389149571455, 44.991388779938006 ], [ -92.974736593547874, 44.99216544630881 ], [ -92.974739503425852, 44.997202571795249 ], [ -92.984748000546929, 44.999529266331521 ], [ -92.984764875038792, 45.001933668602859 ], [ -92.976834665669031, 45.00453683537426 ], [ -92.976070325405416, 45.006610901592403 ], [ -92.978172534163093, 45.008958064292017 ], [ -92.974788795877686, 45.01180666122653 ], [ -92.979874492787573, 45.011093510513284 ], [ -92.979889060988995, 45.012595639023075 ], [ -92.981430875233457, 45.012614516961307 ], [ -92.982282521913035, 45.023683180364088 ], [ -92.984253145130182, 45.023708384504779 ], [ -92.984784849156711, 45.022068321962109 ], [ -92.994966928930737, 45.021978950896852 ], [ -92.994996935194877, 45.028136243228651 ], [ -93.000593449024478, 45.028091341858222 ], [ -93.000554610342647, 45.031921641828568 ], [ -92.995108866869515, 45.032025060019095 ], [ -92.99511463688134, 45.038812471034099 ], [ -92.989936347627648, 45.039469268287689 ], [ -92.989860055652727, 45.046531122739545 ], [ -92.984760115617377, 45.046507851596054 ], [ -92.984817070612209, 45.043018372422381 ], [ -92.980340078153716, 45.043023890873741 ], [ -92.980338051786617, 45.046633949005525 ], [ -92.970160951915346, 45.046646565924767 ], [ -92.97014602646405, 45.043035802306804 ], [ -92.954902630191867, 45.043084020275032 ], [ -92.954923672823071, 45.046697162957834 ], [ -92.944754968496937, 45.046735080220159 ], [ -92.944714768396736, 45.057563764869712 ], [ -92.924384854866304, 45.057724210389921 ], [ -92.924278707605524, 45.061330081676964 ], [ -92.921861947326008, 45.062690213538211 ] ] ] } },
{ "type": "Feature", "properties": { "NAME": "BROWNS CREEK", "TYPE": "WD", "id": "browns-creek" }, "geometry": { "type": "Polygon", "coordinates": [ [ [ -92.891083560168923, 45.163306740918479 ], [ -92.891200000691185, 45.159703535901691 ], [ -92.870901894526753, 45.159614823656888 ], [ -92.871176704212871, 45.145223078274007 ], [ -92.876238019322187, 45.145208554450939 ], [ -92.876310363964265, 45.141611885597854 ], [ -92.881401866730371, 45.141615732528486 ], [ -92.881467023495475, 45.138000842919432 ], [ -92.87638269902601, 45.138015213514741 ], [ -92.876431366528976, 45.134388774543652 ], [ -92.871346492446946, 45.134404588369065 ], [ -92.871382540330771, 45.130780245932961 ], [ -92.866285051900576, 45.130797931115275 ], [ -92.866308333718194, 45.12719928646402 ], [ -92.861200524016752, 45.127206123201162 ], [ -92.861253938912895, 45.123596717246741 ], [ -92.858905379278141, 45.123594822060753 ], [ -92.858947780431137, 45.112016367459709 ], [ -92.868703458396709, 45.11197932696188 ], [ -92.868438441398482, 45.097601705026953 ], [ -92.853797545676827, 45.097617473228809 ], [ -92.853786585839131, 45.079509081970478 ], [ -92.858941124095253, 45.079546268931551 ], [ -92.858930110294367, 45.07594088156533 ], [ -92.843467619659478, 45.075824372082586 ], [ -92.843492146525122, 45.079439076595669 ], [ -92.838428997707979, 45.079388440121242 ], [ -92.838447907565381, 45.083001036289509 ], [ -92.833360803367725, 45.082947842212761 ], [ -92.833350677617716, 45.090180224804655 ], [ -92.823089904018047, 45.090070386327831 ], [ -92.823103745932585, 45.086446030684506 ], [ -92.818003025122451, 45.08645423122362 ], [ -92.818045807001823, 45.082837345584913 ], [ -92.812931286645693, 45.08284618070401 ], [ -92.812960267839074, 45.079230155147506 ], [ -92.801781550075845, 45.079254580272362 ], [ -92.805686440726888, 45.076236817877586 ], [ -92.803258285842205, 45.076407831440605 ], [ -92.80469215404149, 45.0759888270331 ], [ -92.803391234914045, 45.075122622121633 ], [ -92.805096197215974, 45.074653206091256 ], [ -92.805196828794053, 45.070225177377303 ], [ -92.810256484238323, 45.069872658779914 ], [ -92.810240817742852, 45.072003565768853 ], [ -92.818021209172343, 45.071975827950176 ], [ -92.819358241662371, 45.065707375836965 ], [ -92.823486584001841, 45.068094214106168 ], [ -92.826483109530102, 45.065686497113326 ], [ -92.825743261440024, 45.064741924600291 ], [ -92.827835055144419, 45.064771256385079 ], [ -92.829054877064252, 45.06742030147592 ], [ -92.83073423866729, 45.066969376572445 ], [ -92.829855870241261, 45.064799556556366 ], [ -92.834145211141902, 45.064855788501397 ], [ -92.838641974415637, 45.067727120500393 ], [ -92.840894081353298, 45.064920881703223 ], [ -92.843320820968444, 45.064944190126582 ], [ -92.843324185141142, 45.063152206691839 ], [ -92.838359817012332, 45.062553117590582 ], [ -92.839576019144687, 45.056317961918111 ], [ -92.833211139636248, 45.049854597203542 ], [ -92.833195143983275, 45.046232182165724 ], [ -92.831644560624895, 45.0462367996601 ], [ -92.831198311329658, 45.048006861163671 ], [ -92.830291823639456, 45.046539059301601 ], [ -92.823785598228213, 45.044917308618736 ], [ -92.828050106759051, 45.040278392886599 ], [ -92.826912128311221, 45.032402418998714 ], [ -92.833055023877691, 45.032191620911334 ], [ -92.832967891592531, 45.028817876495651 ], [ -92.843210912168743, 45.028892194783005 ], [ -92.843418542705194, 45.035976582278138 ], [ -92.847311220988743, 45.035133784875327 ], [ -92.856621877917263, 45.026066051603472 ], [ -92.862934034073021, 45.028786002541231 ], [ -92.862947639808311, 45.030007847718657 ], [ -92.873179027535599, 45.029892136015455 ], [ -92.873198493420674, 45.032299274176523 ], [ -92.87064250889091, 45.032332321606503 ], [ -92.870676216264059, 45.036145261480996 ], [ -92.873229538743189, 45.036137782876175 ], [ -92.873272180085479, 45.043400587309314 ], [ -92.883523760557765, 45.044703119768499 ], [ -92.882569853647439, 45.048954275305555 ], [ -92.894267928968105, 45.04840545983491 ], [ -92.895416725804253, 45.050582424681139 ], [ -92.903921335416257, 45.050475502287391 ], [ -92.901877394247023, 45.056942811399033 ], [ -92.906416828598282, 45.056139967516927 ], [ -92.906400502122239, 45.057730608439684 ], [ -92.912796947670159, 45.057728636624574 ], [ -92.912759213785534, 45.05953873625598 ], [ -92.914036479346819, 45.059538300503519 ], [ -92.914074174204984, 45.057728199520454 ], [ -92.916637762861029, 45.057727280127786 ], [ -92.916554789653262, 45.061338749483241 ], [ -92.921834194834005, 45.062710108390895 ], [ -92.924222377994923, 45.061330044315767 ], [ -92.923866339501018, 45.066741111947756 ], [ -92.919011700533844, 45.066748747572646 ], [ -92.918995153716523, 45.070368949511234 ], [ -92.923814906696521, 45.070361370544049 ], [ -92.924084529457573, 45.07940639721199 ], [ -92.934326875486406, 45.079330543492262 ], [ -92.934427500119853, 45.090162155429816 ], [ -92.935904838216445, 45.090148725356478 ], [ -92.935802208363484, 45.091888950022224 ], [ -92.934442941418013, 45.091823993371193 ], [ -92.934544967364317, 45.097384899857978 ], [ -92.931985732264863, 45.0974105114786 ], [ -92.932069502059079, 45.101024445252342 ], [ -92.934628917884197, 45.100999729350129 ], [ -92.934797297322987, 45.108248423844067 ], [ -92.924603951987365, 45.108320327950182 ], [ -92.924668453960578, 45.113064753758337 ], [ -92.904482685862604, 45.121970403460637 ], [ -92.904510953808497, 45.123599921666887 ], [ -92.918046130617284, 45.123561583827311 ], [ -92.917918432239588, 45.134454080058013 ], [ -92.920261834664672, 45.134459735161435 ], [ -92.920239537539032, 45.136367772143352 ], [ -92.914996078782053, 45.136163888168497 ], [ -92.914973281386011, 45.138083631701406 ], [ -92.919154616344841, 45.138087863499877 ], [ -92.919091638140813, 45.141712172962102 ], [ -92.920385966285536, 45.141716042313 ], [ -92.920441024398684, 45.138543324319436 ], [ -92.922933728791605, 45.138549015899315 ], [ -92.922824310557488, 45.145350400634001 ], [ -92.927898862042426, 45.145368817295171 ], [ -92.927791841336926, 45.152608901808634 ], [ -92.937863624214046, 45.152668813989678 ], [ -92.937939829242296, 45.159934102119784 ], [ -92.932840036323313, 45.159896323026935 ], [ -92.932811388375455, 45.163515326350165 ], [ -92.891083560168923, 45.163306740918479 ] ] ] } },
{ "type": "Feature", "properties": { "NAME": "CARNELIAN-MARINE-ST. CROIX", "TYPE": "WD", "id": "carnelian-marine-st-croix" }, "geometry": { "type": "Polygon", "coordinates": [ [ [ -92.790434939838562, 45.079278254089182 ], [ -92.812960267839074, 45.079230155147506 ], [ -92.812931286645693, 45.08284618070401 ], [ -92.818045807001823, 45.082837345584913 ], [ -92.818003025122451, 45.08645423122362 ], [ -92.823103745932585, 45.086446030684506 ], [ -92.823089904018047, 45.090070386327831 ], [ -92.833350677617716, 45.090180224804655 ], [ -92.833360803367725, 45.082947842212761 ], [ -92.838447907565381, 45.083001036289509 ], [ -92.838428997707979, 45.079388440121242 ], [ -92.843492146525122, 45.079439076595669 ], [ -92.843467619659478, 45.075824372082586 ], [ -92.858930110294367, 45.07594088156533 ], [ -92.858941124095253, 45.079546268931551 ], [ -92.853786585839131, 45.079509081970478 ], [ -92.853797545676827, 45.097617473228809 ], [ -92.868438441398482, 45.097601705026953 ], [ -92.868703458396709, 45.11197932696188 ], [ -92.858947780431137, 45.112016367459709 ], [ -92.858905379278141, 45.123594822060753 ], [ -92.861253938912895, 45.123596717246741 ], [ -92.861200524016752, 45.127206123201162 ], [ -92.866308333718194, 45.12719928646402 ], [ -92.866285051900576, 45.130797931115275 ], [ -92.871382540330771, 45.130780245932961 ], [ -92.871346492446946, 45.134404588369065 ], [ -92.876431366528976, 45.134388774543652 ], [ -92.87638269902601, 45.138015213514741 ], [ -92.881467023495475, 45.138000842919432 ], [ -92.881401866730371, 45.141615732528486 ], [ -92.876310363964265, 45.141611885597854 ], [ -92.876238019322187, 45.145208554450939 ], [ -92.871176704212871, 45.145223078274007 ], [ -92.870901894526753, 45.159614823656888 ], [ -92.891200000691185, 45.159703535901691 ], [ -92.891083560168923, 45.163306740918479 ], [ -92.902312632184163, 45.163364354252721 ], [ -92.902286987662009, 45.170583493993796 ], [ -92.907371942006563, 45.170607001970602 ], [ -92.907404109832086, 45.188656204068302 ], [ -92.885665144970091, 45.188475680231313 ], [ -92.885885040554527, 45.195676602770128 ], [ -92.897119447875838, 45.195795082981967 ], [ -92.897145676390238, 45.21028302459743 ], [ -92.887241757066363, 45.210316744317595 ], [ -92.885642688536464, 45.231736997473334 ], [ -92.890865684535697, 45.231736182798947 ], [ -92.89066849997144, 45.235321330791031 ], [ -92.885493943640213, 45.235334171496021 ], [ -92.885169027255174, 45.242548567009166 ], [ -92.880026573770607, 45.242545778030973 ], [ -92.879536254836609, 45.25339593063547 ], [ -92.889741061690003, 45.253464854955105 ], [ -92.890076319847012, 45.259200623539996 ], [ -92.894521795666833, 45.260479211402412 ], [ -92.89361771273137, 45.262417327682627 ], [ -92.890552610438917, 45.263399647937021 ], [ -92.889273024937864, 45.26779315456006 ], [ -92.89057310198865, 45.267803589066524 ], [ -92.890555926840278, 45.271176888581465 ], [ -92.889177176465054, 45.271165820384688 ], [ -92.889194065554278, 45.267864242969686 ], [ -92.886877314251535, 45.270077962410909 ], [ -92.885429885585054, 45.27499738359419 ], [ -92.87514844255611, 45.274972698365772 ], [ -92.875180033534917, 45.267743391520384 ], [ -92.868020940988501, 45.267705595168259 ], [ -92.868024473879998, 45.26138383440373 ], [ -92.86463131139449, 45.260465402955433 ], [ -92.864432083195211, 45.256875913132205 ], [ -92.834803817211551, 45.256664390321681 ], [ -92.834888423785131, 45.253060023424496 ], [ -92.814568592608921, 45.252979984210697 ], [ -92.814542016588447, 45.256629432583004 ], [ -92.809960543812139, 45.256641958618417 ], [ -92.809837357912329, 45.258346089657081 ], [ -92.822246986690047, 45.26740557113424 ], [ -92.823095091700992, 45.27095287092515 ], [ -92.814208457059294, 45.27087491598796 ], [ -92.814510566394333, 45.274518942488648 ], [ -92.809436579970338, 45.274560030155158 ], [ -92.809867677959446, 45.281795423884297 ], [ -92.804766935490335, 45.281840940293598 ], [ -92.804821981652509, 45.289064996764374 ], [ -92.799719919675155, 45.289123422228975 ], [ -92.80165616171611, 45.294301825666842 ], [ -92.806251048413372, 45.296277073484525 ], [ -92.744384235957867, 45.296031191474498 ], [ -92.759769063083169, 45.291183204813933 ], [ -92.762679985033685, 45.288339521482555 ], [ -92.760854461395297, 45.27856676769558 ], [ -92.758806714121178, 45.275215479315001 ], [ -92.756075521209922, 45.274161280584686 ], [ -92.752235408749968, 45.265556988635247 ], [ -92.753687904289819, 45.259770622441103 ], [ -92.76062157010729, 45.251283889011518 ], [ -92.757492965064827, 45.229469643044538 ], [ -92.75199398812947, 45.218384020192104 ], [ -92.755304547826185, 45.211858976537734 ], [ -92.763658527682253, 45.205571581352977 ], [ -92.767818952338601, 45.190609255281757 ], [ -92.76568252364153, 45.183286046284067 ], [ -92.752327066678106, 45.17342986254112 ], [ -92.752860222905113, 45.167031504763905 ], [ -92.749783986506614, 45.163260390928301 ], [ -92.750974453649022, 45.157594689456964 ], [ -92.749052157288574, 45.148606533700992 ], [ -92.752168237279719, 45.141717506556851 ], [ -92.749408207328116, 45.137278343349386 ], [ -92.745863071969836, 45.123790919052013 ], [ -92.739416909735482, 45.115787668665433 ], [ -92.746541721435833, 45.107434869685896 ], [ -92.790434939838562, 45.079278254089182 ] ] ] } },
{ "type": "Feature", "properties": { "NAME": "COON CREEK", "TYPE": "WD", "id": "coon-creek" }, "geometry": { "type": "Polygon", "coordinates": [ [ [ -93.101158727879437, 45.300886365808232 ], [ -93.100915543420498, 45.290494762669503 ], [ -93.095968949075925, 45.290499039605258 ], [ -93.09569980923078, 45.283128719640636 ], [ -93.090599951458671, 45.283112665154704 ], [ -93.09044531964841, 45.27595269620894 ], [ -93.097160272610623, 45.276017085137539 ], [ -93.096595487610344, 45.270164646361806 ], [ -93.100749982477112, 45.268839610820329 ], [ -93.100674981730137, 45.254520170898694 ], [ -93.105790928708245, 45.254503845760574 ], [ -93.107037738366415, 45.252795331412244 ], [ -93.105845726431525, 45.252808138887985 ], [ -93.105886593903449, 45.248077808281167 ], [ -93.100703212444486, 45.24708265237927 ], [ -93.10072989591535, 45.243457439963166 ], [ -93.09587979035912, 45.243473315590073 ], [ -93.095861708969963, 45.232752697722525 ], [ -93.10082681684635, 45.232771804033 ], [ -93.100811865096119, 45.229006289334109 ], [ -93.105991810235679, 45.229036674320859 ], [ -93.105976998193825, 45.225528429775899 ], [ -93.114921388028023, 45.225584084668576 ], [ -93.116190674546388, 45.227225834314972 ], [ -93.118158947156985, 45.222750779502149 ], [ -93.12382842137697, 45.223674455090652 ], [ -93.123816015830513, 45.221774160511373 ], [ -93.126397376762597, 45.221783023283876 ], [ -93.126505189699557, 45.218175239372307 ], [ -93.131493816020125, 45.218175444210978 ], [ -93.13163363430435, 45.214240178154469 ], [ -93.134008492839499, 45.214523921603771 ], [ -93.133950539231734, 45.210986486052228 ], [ -93.152720046790009, 45.211138316669256 ], [ -93.152723413687795, 45.209308164678788 ], [ -93.150589254396763, 45.209287613267406 ], [ -93.150586024767364, 45.208065570623518 ], [ -93.15529932484273, 45.207521316278964 ], [ -93.157795598456758, 45.203916064029869 ], [ -93.162700434831279, 45.203973493241129 ], [ -93.162043183198293, 45.196800003958991 ], [ -93.179740391840866, 45.19666824931948 ], [ -93.178366052098127, 45.190887590914961 ], [ -93.183868112756656, 45.189294282409421 ], [ -93.181905561206165, 45.183216401018399 ], [ -93.179199988131003, 45.18259503734285 ], [ -93.184403169385561, 45.183428735681346 ], [ -93.185639716489021, 45.177222907112174 ], [ -93.189352472920177, 45.177474080866205 ], [ -93.192278305652295, 45.174802886295964 ], [ -93.19868999897291, 45.173856356848908 ], [ -93.198798301049123, 45.171721957277747 ], [ -93.195554444860846, 45.168295280193313 ], [ -93.199470633049245, 45.167779797654767 ], [ -93.198288034854613, 45.165226649184937 ], [ -93.203038062721404, 45.16218361707945 ], [ -93.201809904739349, 45.160782475530432 ], [ -93.204383586523861, 45.157100024755621 ], [ -93.204494865877734, 45.153556438782644 ], [ -93.209568554120722, 45.153500455302265 ], [ -93.209596619309821, 45.149886847503517 ], [ -93.212042513324803, 45.149888175629812 ], [ -93.211698951909483, 45.14636880990394 ], [ -93.20969945147904, 45.146384197277875 ], [ -93.209735253277827, 45.142630237798997 ], [ -93.204596155088609, 45.142600828934334 ], [ -93.20484204942602, 45.130982034027333 ], [ -93.217573208494741, 45.128874655571231 ], [ -93.218421870051998, 45.125255765839121 ], [ -93.222100121272604, 45.124699089449308 ], [ -93.223119286978132, 45.127528522571119 ], [ -93.225160398431242, 45.127533814687204 ], [ -93.22506275802688, 45.124463167603892 ], [ -93.23158394030736, 45.124506356333782 ], [ -93.231647413527739, 45.118575759528731 ], [ -93.237616314466166, 45.120696278702255 ], [ -93.24358304554751, 45.111728455830431 ], [ -93.244057490259934, 45.10052649536334 ], [ -93.271640414778446, 45.100624403873766 ], [ -93.275409194530624, 45.093408626117771 ], [ -93.279592069166952, 45.093398462611745 ], [ -93.279117553603058, 45.105575102986279 ], [ -93.289598682582621, 45.112937183229931 ], [ -93.292481442924043, 45.11933732037609 ], [ -93.295842795532266, 45.12154561849642 ], [ -93.297045962151216, 45.12726632506206 ], [ -93.30511281012258, 45.141300261136905 ], [ -93.310142396250356, 45.145331417254553 ], [ -93.319941704686215, 45.146715578507724 ], [ -93.32923451592238, 45.153481730629267 ], [ -93.344555542620796, 45.159636072710732 ], [ -93.357057447972494, 45.175018406176413 ], [ -93.373522310266281, 45.178766289098633 ], [ -93.373530212485434, 45.190388209591845 ], [ -93.368281353897672, 45.190263713158956 ], [ -93.368240005739807, 45.197500234429334 ], [ -93.361424656896418, 45.197439685501998 ], [ -93.362845969584967, 45.198309446285585 ], [ -93.362846532369858, 45.201043597725842 ], [ -93.367162282919537, 45.202814098505087 ], [ -93.367134183886591, 45.204903005971929 ], [ -93.365383150113601, 45.204891168991601 ], [ -93.364910367194298, 45.210168502777009 ], [ -93.362443681056106, 45.212314608514951 ], [ -93.348053234598069, 45.212287402472761 ], [ -93.347334263702194, 45.213915188509993 ], [ -93.347320080692398, 45.215899471464915 ], [ -93.34924065205081, 45.215903283410768 ], [ -93.349398210565283, 45.219685908650739 ], [ -93.352945511720037, 45.21972298631637 ], [ -93.351748872209242, 45.226597666534268 ], [ -93.354910995996917, 45.226767764235319 ], [ -93.354200904163108, 45.228758351008508 ], [ -93.3571810372747, 45.228782217328046 ], [ -93.354542563165239, 45.232769215510849 ], [ -93.352178345773979, 45.231987335450732 ], [ -93.352151540403355, 45.235465762433613 ], [ -93.34690709281692, 45.240512418423755 ], [ -93.34680340048115, 45.262699759415938 ], [ -93.315811960883138, 45.26272542632536 ], [ -93.314856040835409, 45.259151271209731 ], [ -93.3064785022747, 45.259005835481588 ], [ -93.306445349217526, 45.262598072711512 ], [ -93.29829796443255, 45.262475803445696 ], [ -93.298330472469814, 45.258210315116003 ], [ -93.292292502259855, 45.258316688325529 ], [ -93.290891095996841, 45.262335562456968 ], [ -93.285578878441811, 45.262254730837924 ], [ -93.284540005589335, 45.265786200070359 ], [ -93.265184998580381, 45.281632282266607 ], [ -93.252894309378249, 45.287309107629945 ], [ -93.246881664702428, 45.292040781356576 ], [ -93.234361015478441, 45.291621438728434 ], [ -93.234687603020362, 45.289745982962209 ], [ -93.231978114266866, 45.290289050812639 ], [ -93.232493450408597, 45.289134286475843 ], [ -93.227971126424166, 45.286875315972047 ], [ -93.227344544761053, 45.288095833263782 ], [ -93.218797397856633, 45.287142378322137 ], [ -93.217382532104963, 45.291728806446727 ], [ -93.205654372146313, 45.295939326871014 ], [ -93.206260166629178, 45.297796629539043 ], [ -93.203713891397939, 45.297753047013607 ], [ -93.203985944059497, 45.295012421192091 ], [ -93.188835496637111, 45.29492940289046 ], [ -93.188850059809198, 45.283799816118979 ], [ -93.172956176627423, 45.28391595533482 ], [ -93.172822723500019, 45.290863047376945 ], [ -93.16355321442866, 45.290683901884492 ], [ -93.162774241178795, 45.284093329090588 ], [ -93.157293715865038, 45.283902265421872 ], [ -93.157200926521838, 45.28761225300083 ], [ -93.14684285101788, 45.28697138503145 ], [ -93.146800715960495, 45.290608555252646 ], [ -93.126733350868193, 45.290421820744669 ], [ -93.126797250464136, 45.297270303479742 ], [ -93.121901525919313, 45.297239275744374 ], [ -93.121985304930746, 45.300904793454059 ], [ -93.101158727879437, 45.300886365808232 ] ] ] } },
{ "type": "Feature", "properties": { "NAME": "UPPER RUM RIVER", "TYPE": "WMO", "id": "upper-rum-river" }, "geometry": { "type": "Polygon", "coordinates": [ [ [ -93.510097645069735, 45.414551133229466 ], [ -93.162890391148565, 45.414305774170195 ], [ -93.16287158717914, 45.408763376803904 ], [ -93.157683027650094, 45.406685037761548 ], [ -93.157721392532267, 45.395973378578603 ], [ -93.162971526450903, 45.396027581804248 ], [ -93.162855024714645, 45.392423990585698 ], [ -93.188313810422983, 45.392401383122873 ], [ -93.188483152426414, 45.383220025644 ], [ -93.18335744283263, 45.383233207048015 ], [ -93.183499218963362, 45.381328803594513 ], [ -93.173373517952513, 45.381234686043989 ], [ -93.174874611674923, 45.370342799575013 ], [ -93.178906200201567, 45.370518642306699 ], [ -93.180005985775793, 45.363119088079593 ], [ -93.185053401032874, 45.362237276877622 ], [ -93.185219822354739, 45.352215706017887 ], [ -93.192922028207548, 45.352264810158815 ], [ -93.19292128106423, 45.345001943344357 ], [ -93.191154249715055, 45.344985356068669 ], [ -93.192647442207459, 45.339497023813671 ], [ -93.195333683297761, 45.334050339838321 ], [ -93.200556710685319, 45.334086125891787 ], [ -93.199997875566226, 45.319530560572183 ], [ -93.205104728374977, 45.319537516807927 ], [ -93.204107886393658, 45.305050980740006 ], [ -93.210034460589569, 45.305079446353226 ], [ -93.207756541457698, 45.302771245326682 ], [ -93.205654372146313, 45.295939326871014 ], [ -93.217382532104963, 45.291728806446727 ], [ -93.218797397856633, 45.287142378322137 ], [ -93.227344544761053, 45.288095833263782 ], [ -93.227971126424166, 45.286875315972047 ], [ -93.232493450408597, 45.289134286475843 ], [ -93.231978114266866, 45.290289050812639 ], [ -93.234687603020362, 45.289745982962209 ], [ -93.234361015478441, 45.291621438728434 ], [ -93.246881664702428, 45.292040781356576 ], [ -93.252894309378249, 45.287309107629945 ], [ -93.265184998580381, 45.281632282266607 ], [ -93.265368656821337, 45.298115478206078 ], [ -93.510971327639069, 45.299318618544774 ], [ -93.510097645069735, 45.414551133229466 ] ] ] } },
{ "type": "Feature", "properties": { "NAME": "MINNEHAHA CREEK", "TYPE": "WD", "id": "minnehaha-creek" }, "geometry": { "type": "Polygon", "coordinates": [ [ [ -93.598915287606843, 45.036751557350662 ], [ -93.58343339450559, 45.03656614442275 ], [ -93.583526188874387, 45.021843094626583 ], [ -93.57124223026463, 45.021545123732572 ], [ -93.571474595642812, 45.014121895962518 ], [ -93.563584651223152, 45.014071085792764 ], [ -93.563569497069821, 45.021380702239227 ], [ -93.548512307450935, 45.024352622383411 ], [ -93.546178511997923, 45.025664580302788 ], [ -93.546240782054497, 45.029125506669523 ], [ -93.532138399988369, 45.029192088162489 ], [ -93.532042351651, 45.026789033026205 ], [ -93.528375360681991, 45.025919371912039 ], [ -93.519267848053147, 45.027603989454782 ], [ -93.512760855996291, 45.026256102072395 ], [ -93.512741488736225, 45.021642720964394 ], [ -93.522471417511213, 45.021490599290168 ], [ -93.52238308005353, 45.019060491833244 ], [ -93.517574340358109, 45.0191904091457 ], [ -93.513603490443245, 45.01734944418709 ], [ -93.517521538771391, 45.012844307978575 ], [ -93.510635022225216, 45.013266889928857 ], [ -93.50886532932023, 45.010880281562635 ], [ -93.503690517205342, 45.008985815030307 ], [ -93.500569744802377, 45.013509492738102 ], [ -93.494183873480381, 45.016093844760832 ], [ -93.495182453415666, 45.018155455310144 ], [ -93.491929373621133, 45.019870872612913 ], [ -93.491796933144357, 45.025758679541006 ], [ -93.48711786993394, 45.025724721776854 ], [ -93.487055557859506, 45.02179116194624 ], [ -93.482009083761781, 45.021799069683503 ], [ -93.482004502391831, 45.018369367019822 ], [ -93.47914195020418, 45.01792681682749 ], [ -93.479192466801294, 45.016517807600863 ], [ -93.482001919303613, 45.016501483842909 ], [ -93.481476865082428, 44.989241377661706 ], [ -93.478519486111196, 44.989280813335874 ], [ -93.478163011486529, 44.986838278259434 ], [ -93.47662546710778, 44.986804196727924 ], [ -93.479634398099776, 44.983739938468943 ], [ -93.476611736046095, 44.983712084288072 ], [ -93.476706624461158, 44.978373528105159 ], [ -93.471359645489869, 44.978391221171165 ], [ -93.470097454648581, 44.981371570899796 ], [ -93.46493462617515, 44.983071570467786 ], [ -93.462378927517435, 44.983189969785641 ], [ -93.462358209200787, 44.982091815287596 ], [ -93.457473369428797, 44.983196222675844 ], [ -93.448083667607349, 44.980825426546239 ], [ -93.447717083047408, 44.978540366775519 ], [ -93.445108102385291, 44.978564067961912 ], [ -93.443950049259541, 44.974927281442682 ], [ -93.440159585300862, 44.972074826430713 ], [ -93.444811209838576, 44.971075588764847 ], [ -93.442193123123971, 44.964145231141103 ], [ -93.444437024187536, 44.963983487093223 ], [ -93.444363938851282, 44.962831517506821 ], [ -93.440188043027518, 44.963567848192419 ], [ -93.438898427831418, 44.960003523834587 ], [ -93.436251168317483, 44.959937149942675 ], [ -93.433732885926062, 44.956899567498162 ], [ -93.429099163035175, 44.958312380772995 ], [ -93.430553297188865, 44.961444101358047 ], [ -93.425976423164343, 44.959836405655558 ], [ -93.41616720395109, 44.963288826467299 ], [ -93.418240348309155, 44.963942898813578 ], [ -93.417132658274582, 44.967363201748711 ], [ -93.413078728556258, 44.968071089093009 ], [ -93.410541947866321, 44.970429752000406 ], [ -93.408498638994089, 44.969644905301777 ], [ -93.408890989095212, 44.967640561542225 ], [ -93.40589113103853, 44.965945387638016 ], [ -93.405864327675189, 44.963942541912388 ], [ -93.396205202793084, 44.965179932772308 ], [ -93.395155091258388, 44.956837240883559 ], [ -93.391376645976777, 44.958580317255219 ], [ -93.39134971444426, 44.960233495512803 ], [ -93.386149029443629, 44.960225569851367 ], [ -93.385767351616821, 44.965470516189974 ], [ -93.383982960349002, 44.968672232101007 ], [ -93.381482169329288, 44.968752628778006 ], [ -93.381493193325099, 44.970953574667142 ], [ -93.371486258321909, 44.969042137343386 ], [ -93.37037994154457, 44.963824582391538 ], [ -93.365957712202928, 44.962186974335125 ], [ -93.359114514103226, 44.965584441555215 ], [ -93.357241660864247, 44.968691496981798 ], [ -93.354998155684811, 44.968023344548762 ], [ -93.354926051828798, 44.970211048707725 ], [ -93.343553772691294, 44.969629190017002 ], [ -93.342641946527436, 44.968236623095152 ], [ -93.344735507167769, 44.962815631026487 ], [ -93.342082954711813, 44.963795821484723 ], [ -93.341619719129341, 44.966929897648669 ], [ -93.339484609749505, 44.968808675737009 ], [ -93.33347916005998, 44.970005628309757 ], [ -93.305391240129921, 44.969841137729247 ], [ -93.295255059390001, 44.966924146199091 ], [ -93.291839375133307, 44.967367988622698 ], [ -93.291763458276762, 44.962721628591133 ], [ -93.29307241452814, 44.962718277063267 ], [ -93.294415478287959, 44.959146266894187 ], [ -93.299759170269894, 44.9598014705848 ], [ -93.302258380601984, 44.957155637902673 ], [ -93.296753058864866, 44.955571658853842 ], [ -93.292696834678424, 44.960934962676291 ], [ -93.290671675582388, 44.960915766618825 ], [ -93.290618709684267, 44.953765981043929 ], [ -93.288001017507213, 44.953735440339955 ], [ -93.286762387637935, 44.957307116288206 ], [ -93.281317636173583, 44.957320657926971 ], [ -93.281285675017514, 44.950778375984768 ], [ -93.293166833229336, 44.95041394255697 ], [ -93.293174592096975, 44.951937996124208 ], [ -93.295687317160358, 44.951931518101119 ], [ -93.295679491795781, 44.950407464876172 ], [ -93.300807559739184, 44.950022347860617 ], [ -93.300851361375834, 44.948386640710055 ], [ -93.288026594470963, 44.948382532085439 ], [ -93.288035518190441, 44.95016679198865 ], [ -93.285602586020872, 44.950162133939919 ], [ -93.285617290623279, 44.946641473794607 ], [ -93.2842491129677, 44.946644887291313 ], [ -93.28421401302333, 44.950139193335012 ], [ -93.283010035158668, 44.950142183237062 ], [ -93.28134424597414, 44.941336402889696 ], [ -93.284327376809102, 44.941291842955486 ], [ -93.284319304509353, 44.939656268767003 ], [ -93.292012322733967, 44.939525339569769 ], [ -93.292029658592682, 44.942945173327644 ], [ -93.295798158433328, 44.942935474865237 ], [ -93.295789759989987, 44.941299902809952 ], [ -93.298354359651611, 44.94129323173604 ], [ -93.298345119106145, 44.939508971596062 ], [ -93.30216572833865, 44.939498926873078 ], [ -93.302156370334814, 44.937714666793163 ], [ -93.293364003770336, 44.937737590606552 ], [ -93.293360698392419, 44.926808841946958 ], [ -93.290796742165085, 44.926815399245974 ], [ -93.290805744935881, 44.92859966457921 ], [ -93.287038366072849, 44.928646367611094 ], [ -93.285755603115419, 44.923222372824526 ], [ -93.288311301478686, 44.923215949549977 ], [ -93.288320243584906, 44.921357291792717 ], [ -93.289618121803272, 44.92135400781715 ], [ -93.290837624601181, 44.914176570142374 ], [ -93.275465945798047, 44.916036145963169 ], [ -93.27540240207162, 44.912379034911723 ], [ -93.27412598065014, 44.912407682498674 ], [ -93.27405163578014, 44.926670945757607 ], [ -93.262531298453624, 44.926804332506379 ], [ -93.262540180573936, 44.928754209989314 ], [ -93.266328068843194, 44.92874543940723 ], [ -93.266281460760084, 44.930539452632445 ], [ -93.26249345455976, 44.930548221939219 ], [ -93.262509975799176, 44.934174990856931 ], [ -93.267560787987605, 44.934124271777954 ], [ -93.266369888474955, 44.93779285789789 ], [ -93.263789328892059, 44.937798847580972 ], [ -93.263853342722143, 44.93978759150356 ], [ -93.27023028765521, 44.941410590122871 ], [ -93.267783856815626, 44.946681061549086 ], [ -93.258828137267699, 44.945648768353379 ], [ -93.2588481172602, 44.950094473390571 ], [ -93.256321921983556, 44.950100171105532 ], [ -93.255034991125555, 44.944721353563651 ], [ -93.251191137112627, 44.944729872682302 ], [ -93.251251689695366, 44.948161251384384 ], [ -93.24494573442756, 44.94817495037055 ], [ -93.244939101631246, 44.946615348343528 ], [ -93.242357977148885, 44.946581857358055 ], [ -93.243591314415127, 44.939559620839276 ], [ -93.240571411010436, 44.939566022129092 ], [ -93.240556267636123, 44.935939250542837 ], [ -93.237207130409502, 44.935946255877731 ], [ -93.237199584929812, 44.934113370092561 ], [ -93.22843638034594, 44.933904955999111 ], [ -93.215368120784106, 44.916451548154775 ], [ -93.214254846366302, 44.916880183083116 ], [ -93.218481750060846, 44.923392154214135 ], [ -93.215394072868747, 44.923398019378034 ], [ -93.215301704499737, 44.921631097536135 ], [ -93.212728718730077, 44.921635919176296 ], [ -93.212735239964047, 44.923403003042168 ], [ -93.207760646670494, 44.923412161071234 ], [ -93.207685870381979, 44.919514810413268 ], [ -93.203103659201432, 44.917744636751834 ], [ -93.200634030891976, 44.908467873652171 ], [ -93.19177023595249, 44.903842531539894 ], [ -93.191536474701564, 44.897053327589063 ], [ -93.201502636141427, 44.899368047654583 ], [ -93.207235384154131, 44.898775518732862 ], [ -93.207268226581732, 44.896091667191804 ], [ -93.212748212728854, 44.896047299489211 ], [ -93.212757270352313, 44.898503609831629 ], [ -93.226484007251443, 44.897525109743768 ], [ -93.226734324006244, 44.876236541341271 ], [ -93.251628453076208, 44.876368948878046 ], [ -93.251651938945599, 44.881757189597742 ], [ -93.256564199359275, 44.881746259768022 ], [ -93.256541009883875, 44.876527904743192 ], [ -93.261627210962331, 44.876288187689859 ], [ -93.261677887749258, 44.867390373182026 ], [ -93.26807629249609, 44.867334167608668 ], [ -93.268118159157567, 44.863758439394495 ], [ -93.276981190107264, 44.863748494639047 ], [ -93.278236573850947, 44.888971481546875 ], [ -93.283149437568255, 44.888959406729626 ], [ -93.283158005237425, 44.890705615719497 ], [ -93.318894456212149, 44.890652997226347 ], [ -93.318855315783367, 44.883568622696359 ], [ -93.328793256698077, 44.883761646539128 ], [ -93.32874123551359, 44.890954477859864 ], [ -93.337076597050526, 44.891047207422311 ], [ -93.349770785468834, 44.893952720391781 ], [ -93.349738201715851, 44.896605813205959 ], [ -93.361691544048952, 44.897005949360903 ], [ -93.361223379155916, 44.900856259540198 ], [ -93.354119991744042, 44.906564272276448 ], [ -93.353593084345547, 44.912430210351403 ], [ -93.381638881578425, 44.913655245224675 ], [ -93.385083558139925, 44.914948981098661 ], [ -93.385169308585517, 44.920732513061139 ], [ -93.39170195626545, 44.920827320669183 ], [ -93.391500547916522, 44.924694391101696 ], [ -93.405716339453278, 44.924437726505772 ], [ -93.40539911461093, 44.930060627828503 ], [ -93.414178094686818, 44.932666723200605 ], [ -93.420887867690865, 44.932745715480756 ], [ -93.421039598115485, 44.928091103446604 ], [ -93.427883150952582, 44.927804608889545 ], [ -93.428825466297809, 44.930177612625386 ], [ -93.438180398679563, 44.925834626404466 ], [ -93.462664367741738, 44.922335586465024 ], [ -93.462908641002429, 44.919208631610623 ], [ -93.467333747886443, 44.919056783877544 ], [ -93.467365159021199, 44.921609486015818 ], [ -93.482925164324911, 44.919208715961688 ], [ -93.48155251001738, 44.925604542515615 ], [ -93.482609351778592, 44.925885463199933 ], [ -93.481973959303218, 44.939314284634946 ], [ -93.485852371380687, 44.94138181838148 ], [ -93.503255501609047, 44.941608022280867 ], [ -93.503301243035864, 44.939181776271077 ], [ -93.507677574365204, 44.939234421802581 ], [ -93.507577997796574, 44.942228035936274 ], [ -93.512759720827148, 44.942267902236047 ], [ -93.513407953972091, 44.933091927061689 ], [ -93.519969058310082, 44.932036010975899 ], [ -93.522719533813785, 44.929597406406351 ], [ -93.52597588812641, 44.910106515132654 ], [ -93.537295854937213, 44.906349466502668 ], [ -93.533938446225946, 44.901198020478056 ], [ -93.540366993444152, 44.891233978245864 ], [ -93.54062678463832, 44.884071576002853 ], [ -93.544592773466789, 44.884102244041927 ], [ -93.542642949280278, 44.881933014821449 ], [ -93.542872519223877, 44.878648219858306 ], [ -93.549892520811071, 44.879447924672476 ], [ -93.54973190148641, 44.884370190195291 ], [ -93.58264758532745, 44.884963178593438 ], [ -93.587240764931522, 44.87642815423338 ], [ -93.59710613665645, 44.867734957602508 ], [ -93.597231388063108, 44.855936994721482 ], [ -93.64250386931424, 44.856538521550647 ], [ -93.642589600263634, 44.848999748718427 ], [ -93.657015836616537, 44.848812067547463 ], [ -93.652508022273054, 44.839075059332593 ], [ -93.647881499953755, 44.836258734850588 ], [ -93.646478908946179, 44.826763594021905 ], [ -93.672544364128697, 44.827066931898536 ], [ -93.672739684439918, 44.819728986996552 ], [ -93.703378738164531, 44.819106643194843 ], [ -93.70357883359614, 44.826656887176803 ], [ -93.713411543070364, 44.826595885522622 ], [ -93.713463454059678, 44.840766405927404 ], [ -93.725018338298682, 44.840586709202121 ], [ -93.725232604560915, 44.847865155766037 ], [ -93.745572377347656, 44.847746125183072 ], [ -93.744771851862481, 44.862217806287383 ], [ -93.757819110437637, 44.862825135843821 ], [ -93.756380216509314, 44.867335743009754 ], [ -93.758143351422319, 44.872158194544575 ], [ -93.762077625053251, 44.873855914658314 ], [ -93.764937580794125, 44.879197554871176 ], [ -93.76470887870299, 44.883916192169679 ], [ -93.767991007591888, 44.88577560689599 ], [ -93.767676086594335, 44.907050178505443 ], [ -93.769549948452351, 44.908527084020513 ], [ -93.776613905502373, 44.908479263876451 ], [ -93.776856391457216, 44.916394251909885 ], [ -93.767535686485402, 44.916530067631619 ], [ -93.767486323317144, 44.919856361797045 ], [ -93.762508369993711, 44.919876205005437 ], [ -93.762585506974105, 44.923791580535735 ], [ -93.757253774528209, 44.923854065747101 ], [ -93.757225051268762, 44.927545093176953 ], [ -93.732309751507685, 44.927707581457156 ], [ -93.732301665396164, 44.931145759237779 ], [ -93.726508781168221, 44.931171958274874 ], [ -93.726450374157324, 44.927745004544136 ], [ -93.701477655819232, 44.927901130609186 ], [ -93.701450444799534, 44.931592214243672 ], [ -93.706201681682103, 44.931562931982796 ], [ -93.706277767525236, 44.938773003207658 ], [ -93.701480386643439, 44.938730555904989 ], [ -93.701399438270514, 44.945712116587877 ], [ -93.701457413286661, 44.949533306301682 ], [ -93.706390347224826, 44.949482045981632 ], [ -93.706579693621592, 44.967451504611553 ], [ -93.701964029306367, 44.967493472255484 ], [ -93.702016903708781, 44.970918398350001 ], [ -93.706616254745484, 44.970881030509915 ], [ -93.706693396164937, 44.978194650285893 ], [ -93.712026784257446, 44.97817502473896 ], [ -93.712048960377345, 44.981343575516675 ], [ -93.706727269357131, 44.981403638508233 ], [ -93.706883212441781, 44.996188365471347 ], [ -93.712423173343822, 44.996162941626515 ], [ -93.712239721337667, 45.000012410539995 ], [ -93.697009946610976, 45.000115380860052 ], [ -93.696966131241993, 44.996501373918534 ], [ -93.691273995664076, 44.996535971021792 ], [ -93.691317453261874, 45.000149982298787 ], [ -93.666219796497899, 45.000308154992545 ], [ -93.666285672690293, 45.004007560915412 ], [ -93.659889731720156, 45.004076204314551 ], [ -93.659933347766099, 45.007771239156583 ], [ -93.65091007677448, 45.007791518393411 ], [ -93.650891281515925, 45.011243858493792 ], [ -93.645445669856798, 45.011256761969122 ], [ -93.645450666395305, 45.015055537895016 ], [ -93.63512273313134, 45.014978414029109 ], [ -93.635035826161925, 45.018633668686419 ], [ -93.624817987886146, 45.018672025297384 ], [ -93.624649818468441, 45.022246697259092 ], [ -93.614377738539261, 45.022095376624797 ], [ -93.614333549713692, 45.02957168052091 ], [ -93.604190878530673, 45.029625790788316 ], [ -93.604140542532434, 45.032835226370622 ], [ -93.59900477167028, 45.032817270043068 ], [ -93.598915287606843, 45.036751557350662 ] ] ] } },
{ "type": "Feature", "properties": { "NAME": "RICHFIELD-BLOOMINGTON", "TYPE": "WMO", "id": "richfield-bloomington" }, "geometry": { "type": "Polygon", "coordinates": [ [ [ -93.318795481478219, 44.872733598751431 ], [ -93.318894456212149, 44.890652997226347 ], [ -93.283158005237425, 44.890705615719497 ], [ -93.283149437568255, 44.888959406729626 ], [ -93.278236573850947, 44.888971481546875 ], [ -93.276981190102944, 44.863748493738846 ], [ -93.268118159153389, 44.863758438494294 ], [ -93.268076292491912, 44.86733416670846 ], [ -93.261645368774438, 44.867390658337868 ], [ -93.261627210962331, 44.876288187689859 ], [ -93.25654055024782, 44.876424457889527 ], [ -93.256564199359275, 44.881746259768022 ], [ -93.251651938945599, 44.881757189597742 ], [ -93.251628380222627, 44.876352232097432 ], [ -93.247886053219304, 44.876360416239685 ], [ -93.247765991130365, 44.861991265755371 ], [ -93.237710851384392, 44.861996385009249 ], [ -93.237727224259189, 44.851768370991863 ], [ -93.242249298646001, 44.842944497185897 ], [ -93.252785313586941, 44.833400462635453 ], [ -93.261872206273466, 44.827143386075001 ], [ -93.268178527551811, 44.826380359096767 ], [ -93.268103492063446, 44.848000729751028 ], [ -93.278390018129471, 44.848017695717751 ], [ -93.2784228370855, 44.861967220616897 ], [ -93.298333853213393, 44.862020420482366 ], [ -93.298761129098679, 44.865511779928681 ], [ -93.301356104711886, 44.865512946876173 ], [ -93.299714870083506, 44.869043332473161 ], [ -93.308660193489345, 44.869019506422447 ], [ -93.308680194012254, 44.872761386928751 ], [ -93.318795481478219, 44.872733598751431 ] ] ] } },
{ "type": "Feature", "properties": { "NAME": "RICE CREEK", "TYPE": "WD", "id": "rice-creek" }, "geometry": { "type": "Polygon", "coordinates": [ [ [ -93.029666399509495, 45.286376788936117 ], [ -93.029673003867657, 45.282865051060611 ], [ -93.024609130678698, 45.282817430360353 ], [ -93.024708894058776, 45.275599825394728 ], [ -93.013911040580993, 45.277473893221519 ], [ -93.013599946723787, 45.275439110680018 ], [ -93.009125144001629, 45.272325382027155 ], [ -93.006327641248959, 45.274394931120568 ], [ -93.008390080896234, 45.27212433146164 ], [ -93.006411317340948, 45.272141993692181 ], [ -93.007621821467467, 45.269820223214865 ], [ -93.006468723172574, 45.269211599377414 ], [ -92.998868801346859, 45.270408458874286 ], [ -92.99873024366876, 45.27228140892371 ], [ -92.994913761820598, 45.272222081888536 ], [ -92.99375819410082, 45.275712516592463 ], [ -92.99037603949634, 45.274768615731048 ], [ -92.988346950524985, 45.279019665171575 ], [ -92.986125995564137, 45.278996790847849 ], [ -92.986266167941608, 45.275567667456357 ], [ -92.98560588239755, 45.277460971136939 ], [ -92.977827126791695, 45.271081644271099 ], [ -92.977599653017762, 45.268607949885855 ], [ -92.973195459586435, 45.268199536503126 ], [ -92.97469448252329, 45.268169234648028 ], [ -92.973182902338422, 45.264403268295638 ], [ -92.968115076669179, 45.263289333486618 ], [ -92.968128618343442, 45.255969640992106 ], [ -92.97323142491399, 45.254169197012857 ], [ -92.97489214438238, 45.251704649190998 ], [ -92.973429977862494, 45.248321113542268 ], [ -92.978173284241876, 45.248332520670225 ], [ -92.978178330025131, 45.246526574181807 ], [ -92.968158934838243, 45.246512884776024 ], [ -92.968172018256254, 45.242913351804503 ], [ -92.963155149517334, 45.24291286524759 ], [ -92.963172931009211, 45.239182909549569 ], [ -92.958159927822592, 45.238914647287459 ], [ -92.958173663277762, 45.235723446596339 ], [ -92.953115283390616, 45.235708040125907 ], [ -92.953111271205714, 45.239314807905217 ], [ -92.949352597770343, 45.239443438292795 ], [ -92.949332882434817, 45.242905199760351 ], [ -92.937952027748423, 45.242896232739682 ], [ -92.937971002448862, 45.239281911884021 ], [ -92.94359047190818, 45.239866327343549 ], [ -92.944403024193875, 45.239295692773283 ], [ -92.943142599305475, 45.23567752436589 ], [ -92.937972215998826, 45.235661637158081 ], [ -92.937973460996403, 45.232041360144756 ], [ -92.927783372756849, 45.232081785424121 ], [ -92.927759788018008, 45.228478805047416 ], [ -92.916207878113454, 45.228494722477684 ], [ -92.916207259340638, 45.224894564574022 ], [ -92.90856690272642, 45.224784156706455 ], [ -92.908578580546461, 45.222977864549847 ], [ -92.907294183013633, 45.222960359956438 ], [ -92.907282471419194, 45.224765544766967 ], [ -92.9033855860351, 45.224700030245899 ], [ -92.903389647242932, 45.226488843692643 ], [ -92.907287259371003, 45.226556257974195 ], [ -92.907291563551482, 45.228165899226518 ], [ -92.896989386103442, 45.227982436392558 ], [ -92.897011811344186, 45.231734934730333 ], [ -92.885657013908045, 45.231737010915701 ], [ -92.886920751812269, 45.213101957018331 ], [ -92.884418499620978, 45.210073493124476 ], [ -92.884094421272238, 45.206430036334623 ], [ -92.887916007568862, 45.2064816149352 ], [ -92.887933232280119, 45.205048468860717 ], [ -92.891764331681273, 45.204633425372272 ], [ -92.891597334388706, 45.202936513129359 ], [ -92.897024411833186, 45.203009223688994 ], [ -92.897090292388185, 45.195748878418648 ], [ -92.893953359919081, 45.195761667144332 ], [ -92.893966021591595, 45.19420663579443 ], [ -92.89481652478149, 45.192167663828883 ], [ -92.897162902627116, 45.192191332509395 ], [ -92.897152160092887, 45.188518140990297 ], [ -92.907340455789111, 45.188598311579085 ], [ -92.907443159344822, 45.185050178584788 ], [ -92.912537283157974, 45.185078418448981 ], [ -92.912540422565669, 45.183272531617973 ], [ -92.907445163305511, 45.183247101274581 ], [ -92.907427227918234, 45.177827346087106 ], [ -92.912498922854255, 45.177849406094374 ], [ -92.913375394450554, 45.173730043832563 ], [ -92.917512849559571, 45.17344978718053 ], [ -92.910535588619226, 45.173084030342245 ], [ -92.910527592416841, 45.170615808948725 ], [ -92.908191275862308, 45.170609274829602 ], [ -92.907404592979191, 45.174210631887 ], [ -92.904859311541685, 45.174199700343436 ], [ -92.904840524104685, 45.170803953806711 ], [ -92.902297088042872, 45.17058350263472 ], [ -92.902291340275937, 45.165171317197938 ], [ -92.907368328106045, 45.165192746362209 ], [ -92.907387257836575, 45.163382115983666 ], [ -92.902312632185698, 45.163364353352563 ], [ -92.902355212947398, 45.15975042482544 ], [ -92.907425115966888, 45.159760854387251 ], [ -92.907449556465124, 45.157428810865582 ], [ -92.911713449574791, 45.157436662152541 ], [ -92.911690829318104, 45.159780290444097 ], [ -92.925809314251978, 45.159843866457479 ], [ -92.925092708619957, 45.156061875166358 ], [ -92.927767153720467, 45.156078153660104 ], [ -92.927785331181042, 45.15352393425951 ], [ -92.932829282110688, 45.153554048704457 ], [ -92.929666603110235, 45.151645586036715 ], [ -92.928148304779327, 45.146839794889551 ], [ -92.929836101443826, 45.145584299341749 ], [ -92.92797318905555, 45.145369084735442 ], [ -92.927918330206325, 45.144051569697879 ], [ -92.932230702149255, 45.143479969943698 ], [ -92.932241760672383, 45.141752203444987 ], [ -92.927935088788544, 45.14291758931487 ], [ -92.928006160488195, 45.138107926093014 ], [ -92.920441024398684, 45.138543324319436 ], [ -92.920385966330628, 45.141716009906908 ], [ -92.919091638140813, 45.141712172962102 ], [ -92.919154616344841, 45.138087863499877 ], [ -92.914973285778132, 45.138083243731025 ], [ -92.914996078782053, 45.136163888168497 ], [ -92.920239537539032, 45.136367772143352 ], [ -92.920089072371141, 45.130746327738905 ], [ -92.922493459928376, 45.130418287735488 ], [ -92.922970891610902, 45.127403883271846 ], [ -92.916146942939449, 45.127196300492194 ], [ -92.916649796892102, 45.123565612485422 ], [ -92.914376820790508, 45.121150722936498 ], [ -92.918237488154105, 45.122245448034306 ], [ -92.914858304017301, 45.117452509875882 ], [ -92.916153621988911, 45.115406459253585 ], [ -92.909425521528391, 45.114012363116466 ], [ -92.909481032620292, 45.109647520607751 ], [ -92.912083450729256, 45.108271487547825 ], [ -92.90931404971559, 45.108173454321701 ], [ -92.909252963176812, 45.105553107475991 ], [ -92.923564283656532, 45.103863817382695 ], [ -92.923502945837086, 45.101094239313113 ], [ -92.929509306218876, 45.101049111418064 ], [ -92.929425719662831, 45.097436072471609 ], [ -92.934559257848747, 45.097384908947397 ], [ -92.934457273712113, 45.09182401239935 ], [ -92.935816498749446, 45.091888958054106 ], [ -92.934385359960075, 45.085626667667498 ], [ -92.931846830458227, 45.084187495709891 ], [ -92.93166808130124, 45.079791893180939 ], [ -92.924084529457573, 45.07940639721199 ], [ -92.924084556814023, 45.078329341489862 ], [ -92.92831670057079, 45.078298108826061 ], [ -92.928319805283707, 45.075756911972434 ], [ -92.927418000077736, 45.077337778782493 ], [ -92.924084582220672, 45.077338174482279 ], [ -92.923488422563238, 45.073964501472013 ], [ -92.918982571501942, 45.073971537213936 ], [ -92.918986878767726, 45.072179050064577 ], [ -92.916366328511401, 45.072183085212252 ], [ -92.919011699263578, 45.066748747571737 ], [ -92.923880623616171, 45.066741121468993 ], [ -92.924233756423845, 45.061428740727024 ], [ -92.927966720911982, 45.058060780074555 ], [ -92.942908951565414, 45.057247296366285 ], [ -92.942182935759291, 45.052748316476368 ], [ -92.944584130776335, 45.052728973622749 ], [ -92.944719842727991, 45.048108785453685 ], [ -92.948261939611186, 45.048592002613304 ], [ -92.945966305169492, 45.049962504516678 ], [ -92.947332116057993, 45.050671029820968 ], [ -92.949808848360078, 45.048846464067779 ], [ -92.949797286719757, 45.046716215843709 ], [ -92.95475397102274, 45.046697627862002 ], [ -92.954741134784655, 45.044492570699418 ], [ -92.966588437303642, 45.042424212708518 ], [ -92.968874624228548, 45.043965491669304 ], [ -92.972448923796748, 45.043622784638146 ], [ -92.971286441589001, 45.04435713357536 ], [ -92.973489844385995, 45.047645239798328 ], [ -92.981610077086785, 45.046634248231413 ], [ -92.983265842522385, 45.044389497801539 ], [ -92.984647121218643, 45.044389635127736 ], [ -92.984646810864675, 45.046062596627635 ], [ -92.983149148017844, 45.046634587406388 ], [ -92.988619797330344, 45.046619211449013 ], [ -92.988630144586992, 45.050243307059198 ], [ -92.991645660792983, 45.050243567456278 ], [ -92.991725802876289, 45.052392674875499 ], [ -92.989801986599815, 45.05303588286143 ], [ -92.992448370364627, 45.054877930131134 ], [ -92.992452228284208, 45.057892725100338 ], [ -92.995019571743029, 45.057883339272287 ], [ -92.995029378271198, 45.061060580755274 ], [ -93.000088166674857, 45.061044279451707 ], [ -93.000137473247534, 45.064666640940231 ], [ -93.010348090297938, 45.064678087030849 ], [ -93.011592113785426, 45.06758222820897 ], [ -93.010327120774619, 45.06936534883598 ], [ -93.018213825027829, 45.075659458566648 ], [ -93.015656658114409, 45.079281619266958 ], [ -93.017135592489197, 45.079255678896772 ], [ -93.016169940634143, 45.082780928634911 ], [ -93.011670726019858, 45.083339765688329 ], [ -93.007653174111667, 45.090869239889237 ], [ -93.019975951456331, 45.094713918370665 ], [ -93.030654342344704, 45.093756588814315 ], [ -93.030773457557842, 45.097381197434792 ], [ -93.035769177352378, 45.097432160303434 ], [ -93.035897851744693, 45.104580054213663 ], [ -93.044022580261384, 45.104573823212078 ], [ -93.044054881535786, 45.108224389377867 ], [ -93.048168178559749, 45.108196332797597 ], [ -93.048941519556337, 45.126387205639752 ], [ -93.038394001989758, 45.138483731638836 ], [ -93.030590454328191, 45.138432367975142 ], [ -93.029125765639009, 45.142920160862147 ], [ -93.029732386053908, 45.145667152864291 ], [ -93.045878498719759, 45.14574899416467 ], [ -93.045793060462643, 45.142097133565962 ], [ -93.050860852114056, 45.142147291764395 ], [ -93.050806273086721, 45.138516650283897 ], [ -93.060946063318127, 45.138622409586553 ], [ -93.060923547454408, 45.135593354254894 ], [ -93.067997843489053, 45.135207009226178 ], [ -93.067951190920596, 45.131338003965858 ], [ -93.071172725684448, 45.13132651079664 ], [ -93.071455803112983, 45.124323399929644 ], [ -93.086911600640775, 45.124062446801055 ], [ -93.086880920837487, 45.118947800552 ], [ -93.097101977622046, 45.119084135777797 ], [ -93.097079059691367, 45.115487764199614 ], [ -93.106916840816737, 45.115660920617472 ], [ -93.106877246934346, 45.111967810040774 ], [ -93.11198191464932, 45.11191799215694 ], [ -93.111937831757018, 45.108265333794272 ], [ -93.12726762828872, 45.108176711437963 ], [ -93.126932540415879, 45.086558836743109 ], [ -93.13207937574947, 45.086543473013656 ], [ -93.131938455395186, 45.079365101604957 ], [ -93.147319540807032, 45.079298662983348 ], [ -93.147275392687263, 45.071927255926454 ], [ -93.142144601042006, 45.071971865307674 ], [ -93.142094191993067, 45.064710702598951 ], [ -93.131904307235047, 45.064732452636797 ], [ -93.131067692269696, 45.057476257180696 ], [ -93.133250057909393, 45.050157020263534 ], [ -93.136917603108401, 45.050226516365612 ], [ -93.136872895499351, 45.043455268133421 ], [ -93.140459194023293, 45.043446150902717 ], [ -93.141952533772795, 45.040057459650903 ], [ -93.141917712035436, 45.038880919612183 ], [ -93.136013836881929, 45.038909538615279 ], [ -93.13667449039032, 45.028557662772357 ], [ -93.141742739185446, 45.027877448352967 ], [ -93.141708250231162, 45.022747193313087 ], [ -93.146712174417999, 45.022745637702755 ], [ -93.146663013717088, 45.019932847737344 ], [ -93.156860309741148, 45.020258226694509 ], [ -93.156822509674299, 45.016613470461458 ], [ -93.161873641461909, 45.016511152097515 ], [ -93.16182211211887, 45.013343973811324 ], [ -93.156797977776705, 45.013415522183728 ], [ -93.156646210966628, 45.010707670268594 ], [ -93.154171692729264, 45.010730090963058 ], [ -93.154099929756242, 45.006294819862816 ], [ -93.156630377721115, 45.006267200123226 ], [ -93.156619316265761, 44.999080439285841 ], [ -93.166249879822828, 44.998939894464264 ], [ -93.166261702732129, 44.991899940645695 ], [ -93.16698277771529, 44.996152135285627 ], [ -93.170138520877885, 44.996144767144749 ], [ -93.170122493392284, 44.998934392196787 ], [ -93.187170054461276, 44.998912934209919 ], [ -93.18720749865814, 44.991659948509202 ], [ -93.207675630211213, 44.991672198416467 ], [ -93.207986724368723, 45.027560000599678 ], [ -93.209613462638885, 45.024658432784555 ], [ -93.212998663076576, 45.024173436426118 ], [ -93.213059030304223, 45.027772153600161 ], [ -93.218147280427758, 45.027750639234583 ], [ -93.218253194112748, 45.033526185300666 ], [ -93.225743633982432, 45.033509243258131 ], [ -93.225809221630485, 45.035666979418352 ], [ -93.234623281920932, 45.035615867424475 ], [ -93.23464416273994, 45.038259566214506 ], [ -93.237183722673649, 45.038251938413687 ], [ -93.231133239315341, 45.049917307443906 ], [ -93.226829390102154, 45.049973571605094 ], [ -93.226996373219521, 45.061608045389541 ], [ -93.236787667896863, 45.06164294528368 ], [ -93.236856831546064, 45.066184775784443 ], [ -93.247642935095399, 45.067590938744985 ], [ -93.247351346299155, 45.071676246804266 ], [ -93.248871388291278, 45.071468115492884 ], [ -93.251430552721231, 45.074446823116212 ], [ -93.251728815510248, 45.078835699590876 ], [ -93.25809103298424, 45.078912005103284 ], [ -93.258392467019178, 45.086123201976271 ], [ -93.274760937673207, 45.086189791781763 ], [ -93.275982979985855, 45.088270857562286 ], [ -93.28010851953087, 45.087612983783927 ], [ -93.279606300948117, 45.093386373487135 ], [ -93.275423425928452, 45.093396537515375 ], [ -93.271655304396688, 45.100566171127561 ], [ -93.24407173132218, 45.100514410662221 ], [ -93.243597289485663, 45.111716371206128 ], [ -93.237630561890157, 45.120684194833927 ], [ -93.231661660417316, 45.1185636764016 ], [ -93.231598191224464, 45.124494273219014 ], [ -93.225077009038017, 45.124451084402409 ], [ -93.225174650187299, 45.127521732378767 ], [ -93.223133537893162, 45.127516440519038 ], [ -93.222114372972626, 45.124687007516869 ], [ -93.218447774987368, 45.125239946164534 ], [ -93.217586020573236, 45.128861014256124 ], [ -93.204764698281323, 45.13106431883066 ], [ -93.204584581183056, 45.142606038248161 ], [ -93.209759999775798, 45.142631477794652 ], [ -93.209697202823307, 45.146340216421201 ], [ -93.211662139344099, 45.146336167772105 ], [ -93.212069333665269, 45.149874914951504 ], [ -93.209637830327665, 45.149881568889157 ], [ -93.209579907970053, 45.153328171932515 ], [ -93.204409715996945, 45.153488598791199 ], [ -93.203501251329399, 45.159759294012702 ], [ -93.201841501543868, 45.160689635851156 ], [ -93.203048505666118, 45.162171575882674 ], [ -93.19817197657116, 45.165188334294591 ], [ -93.199470989754374, 45.16775767274747 ], [ -93.195566300885915, 45.168287829921546 ], [ -93.19879920602132, 45.171693835430766 ], [ -93.198613910153199, 45.173789358472312 ], [ -93.19238077523336, 45.17468221674158 ], [ -93.189289997505824, 45.177398814542691 ], [ -93.185556446255958, 45.17715196092594 ], [ -93.184331858959411, 45.183523042123788 ], [ -93.181384640594501, 45.182562810438085 ], [ -93.178842121868215, 45.183202795659334 ], [ -93.182120479129424, 45.183368298702469 ], [ -93.181156547586568, 45.183992256176801 ], [ -93.183692863338948, 45.185894664813915 ], [ -93.182900132688715, 45.187976990022804 ], [ -93.184346707412146, 45.189479901320794 ], [ -93.178364680982781, 45.190869227940567 ], [ -93.179892549469756, 45.196715330355438 ], [ -93.162053612753198, 45.196590483751322 ], [ -93.162710402187315, 45.203964951821831 ], [ -93.157802682144521, 45.203892201791113 ], [ -93.155294338394839, 45.207510612956881 ], [ -93.150597358988037, 45.208213581554148 ], [ -93.152730789814896, 45.209299272040354 ], [ -93.15274071654423, 45.211130697085053 ], [ -93.13428631079455, 45.211125731673704 ], [ -93.134297383198884, 45.214631892078479 ], [ -93.131722360829869, 45.214335604312815 ], [ -93.131708735567884, 45.218238001507302 ], [ -93.126591115272788, 45.218223447554813 ], [ -93.126573244896392, 45.221834230218597 ], [ -93.124011404082097, 45.221826070353956 ], [ -93.124003206065993, 45.223340504217077 ], [ -93.11802100722818, 45.222813148209248 ], [ -93.116367593216864, 45.227241901125346 ], [ -93.115086740922905, 45.227243065733028 ], [ -93.11505713525122, 45.225605502258517 ], [ -93.106325856781183, 45.22545404692233 ], [ -93.106161728787171, 45.229060068200987 ], [ -93.101060431573885, 45.229064827376455 ], [ -93.101062955717381, 45.232596010019563 ], [ -93.095936899717259, 45.232768892303902 ], [ -93.095952402897382, 45.243541357574955 ], [ -93.100943589321545, 45.24354040844144 ], [ -93.100947029312579, 45.247080694447035 ], [ -93.106143392537177, 45.248095122909852 ], [ -93.106073192455213, 45.25283339138192 ], [ -93.107281238304765, 45.25284231506221 ], [ -93.105827522119824, 45.254468328751152 ], [ -93.100926980688399, 45.254383058712207 ], [ -93.100670232794315, 45.268827842365191 ], [ -93.096852199790291, 45.270206152714316 ], [ -93.097393745896497, 45.276042446020853 ], [ -93.090606708449897, 45.276032016347749 ], [ -93.090610952758212, 45.272430191532244 ], [ -93.080423717605683, 45.272394357170143 ], [ -93.08051356877489, 45.279544838356152 ], [ -93.050069806652147, 45.279418026099606 ], [ -93.050064860033075, 45.28648875142607 ], [ -93.029666399509495, 45.286376788936117 ] ] ] } },
{ "type": "Feature", "properties": { "NAME": "NORTH CANNON RIVER", "TYPE": "WMO", "id": "north-cannon-river" }, "geometry": { "type": "Polygon", "coordinates": [ [ [ -92.792458772032717, 44.615340530957802 ], [ -92.792770414069508, 44.543171816867194 ], [ -92.918917620561203, 44.54330402532991 ], [ -92.919004427970933, 44.518141624904921 ], [ -92.922037189735562, 44.518220258160497 ], [ -92.925150151299519, 44.515553042525077 ], [ -92.934873124124408, 44.512034444738127 ], [ -92.94742248874428, 44.51067250054318 ], [ -92.953875530191496, 44.508141027716022 ], [ -92.95651057476114, 44.510028127952197 ], [ -92.956972271599156, 44.513062212797529 ], [ -92.963012512753807, 44.516476350024462 ], [ -92.971274346038342, 44.516006085325834 ], [ -92.979494413547229, 44.513158503774612 ], [ -92.984435967395228, 44.518875994231429 ], [ -92.999073150440594, 44.520763113877337 ], [ -93.012180483385904, 44.515617430946584 ], [ -93.018468725291683, 44.515076425587893 ], [ -93.024554259804432, 44.51804616791258 ], [ -93.033377461114085, 44.514370831607707 ], [ -93.039262671067405, 44.515467288932264 ], [ -93.039675421253762, 44.471830920901233 ], [ -93.145925632818688, 44.471272980542324 ], [ -93.147301835640036, 44.478591672256535 ], [ -93.151756223181835, 44.471308818211284 ], [ -93.157001081869467, 44.471315484558673 ], [ -93.15687751509833, 44.474880566530508 ], [ -93.159327112837488, 44.474915303355452 ], [ -93.159769854837265, 44.471292580891578 ], [ -93.166186178195019, 44.471321553084614 ], [ -93.16835888922914, 44.476961225603858 ], [ -93.170728648331902, 44.476976772208097 ], [ -93.170776060939616, 44.474975013301538 ], [ -93.175941418357496, 44.475005300995363 ], [ -93.176064149694582, 44.471444158349371 ], [ -93.281713218559247, 44.471927031447528 ], [ -93.281487360986546, 44.544070755580798 ], [ -93.278125123037384, 44.544083493844198 ], [ -93.278169644289193, 44.562021131184636 ], [ -93.263398666157286, 44.561894104007663 ], [ -93.263304758790994, 44.559657169282438 ], [ -93.258325629485213, 44.558534208945559 ], [ -93.247893607898945, 44.558557327424218 ], [ -93.247937237803086, 44.561789173975725 ], [ -93.241583779581021, 44.561726267224948 ], [ -93.24156440013148, 44.56417502019287 ], [ -93.239933407203807, 44.564119941138593 ], [ -93.239890921817192, 44.561729835401863 ], [ -93.237904042803407, 44.561715986065643 ], [ -93.237963695679923, 44.565731028702835 ], [ -93.242950323648373, 44.565765543261222 ], [ -93.243009316672854, 44.568970347121734 ], [ -93.237960169569206, 44.569016988925021 ], [ -93.237997159262193, 44.572586444814412 ], [ -93.233234381492835, 44.572672792304871 ], [ -93.233257431682532, 44.57617475644858 ], [ -93.230920165508962, 44.576265030609406 ], [ -93.230893201614762, 44.577408414781971 ], [ -93.228177073861332, 44.576252538565655 ], [ -93.227011911420618, 44.578050878167879 ], [ -93.227028146911323, 44.57625482813809 ], [ -93.222531810246721, 44.576209661698627 ], [ -93.22257854598611, 44.574841175748844 ], [ -93.217733999221863, 44.573954755392343 ], [ -93.217746929419675, 44.57625939598536 ], [ -93.207416120125558, 44.576197601064351 ], [ -93.207543849463903, 44.568950273848145 ], [ -93.202777796287535, 44.565416307546606 ], [ -93.202744606360199, 44.561752301362461 ], [ -93.197372672618854, 44.561707695208995 ], [ -93.197253094067818, 44.565448489165043 ], [ -93.187233279419289, 44.565429343959742 ], [ -93.187213045851848, 44.579977583073244 ], [ -93.16724335171628, 44.579981562954451 ], [ -93.167090119142159, 44.587089328658642 ], [ -93.157064530983675, 44.587180077728277 ], [ -93.156936941520314, 44.592433256140595 ], [ -93.15426012826704, 44.592454908066202 ], [ -93.154209279801606, 44.594368022898877 ], [ -93.147195151188114, 44.594269247146535 ], [ -93.147027039392341, 44.587089910469935 ], [ -93.136953948037643, 44.586076139191711 ], [ -93.13687516077951, 44.579846443549798 ], [ -93.126264654290281, 44.579755136706446 ], [ -93.126285075559338, 44.587006697339177 ], [ -93.106455961768091, 44.58684234814573 ], [ -93.10627352627138, 44.579622443614674 ], [ -93.100000879413699, 44.580901974627785 ], [ -93.100037943590877, 44.5788718576976 ], [ -93.086053778886722, 44.57948192257961 ], [ -93.085931193964328, 44.572419476601354 ], [ -93.055414172952396, 44.572442861108783 ], [ -93.055362483841932, 44.5760394252694 ], [ -93.050334597450771, 44.576064258253602 ], [ -93.050247466817254, 44.579552802318233 ], [ -93.040222150589031, 44.5795657754907 ], [ -93.040292799316219, 44.586677794289258 ], [ -93.012294126124516, 44.586679738689696 ], [ -93.012261807404343, 44.588372227208588 ], [ -93.010440207454621, 44.588345400511372 ], [ -93.010447011643194, 44.586769948393538 ], [ -93.001955002124916, 44.586801918487168 ], [ -92.999141739151639, 44.589795289447089 ], [ -92.994696052229315, 44.590380336954695 ], [ -92.994653847699979, 44.586941350102748 ], [ -92.991556391504673, 44.586905152789775 ], [ -92.991555838188162, 44.588003467525915 ], [ -92.98484537286906, 44.586854945292373 ], [ -92.984809239483496, 44.594088509794076 ], [ -92.974717219984413, 44.594131734488755 ], [ -92.97469718803201, 44.612163848293058 ], [ -92.954206095300677, 44.61207644759191 ], [ -92.954189518378712, 44.608614962828526 ], [ -92.949521106016618, 44.608631000010675 ], [ -92.949597641680768, 44.612119519537323 ], [ -92.914022834186113, 44.612156796261075 ], [ -92.913988267988131, 44.615829805730712 ], [ -92.899566348253032, 44.615741512623401 ], [ -92.896228717853461, 44.613060274026985 ], [ -92.893428621443789, 44.61423702810977 ], [ -92.893474099945692, 44.608533960164714 ], [ -92.859022262085332, 44.608249060610717 ], [ -92.859047062436787, 44.606462085398682 ], [ -92.855934496527624, 44.606417690187882 ], [ -92.854312264002814, 44.608202638234573 ], [ -92.833131590083141, 44.608115139796524 ], [ -92.833109376979593, 44.609821089712504 ], [ -92.823070623109004, 44.609805979512466 ], [ -92.823060534975212, 44.615333523280043 ], [ -92.792458772032717, 44.615340530957802 ] ] ] } },
{ "type": "Feature", "properties": { "NAME": "VADNAIS LAKE AREA", "TYPE": "WMO", "id": "vadnais-lake-area" }, "geometry": { "type": "Polygon", "coordinates": [ [ [ -93.000028832158819, 45.06106679666081 ], [ -93.010226122185827, 45.057429535166904 ], [ -93.010189033981092, 45.05565618727541 ], [ -93.016679888995284, 45.055732571304183 ], [ -93.021295432732686, 45.057543115869748 ], [ -93.02161924525997, 45.055470967029272 ], [ -93.025604671663416, 45.055087554073417 ], [ -93.02557193315802, 45.05384164631608 ], [ -93.031312955848605, 45.053730627238487 ], [ -93.032262837468423, 45.050360476371246 ], [ -93.04233391078391, 45.050360253347556 ], [ -93.042331695689285, 45.052759534952223 ], [ -93.045949822198693, 45.052743464456427 ], [ -93.045952167770423, 45.050377275313686 ], [ -93.060713271125579, 45.050469689641531 ], [ -93.062291437173684, 45.04315459745726 ], [ -93.079137315811209, 45.041934043295285 ], [ -93.084159778606661, 45.038962039698177 ], [ -93.085515843470134, 45.041953729640092 ], [ -93.097783451630207, 45.046649628314185 ], [ -93.106267085969137, 45.045904537614305 ], [ -93.106456315852256, 45.079226864078969 ], [ -93.117007304014464, 45.079477343851011 ], [ -93.118742598481148, 45.082819380783185 ], [ -93.116746756814592, 45.082807067960402 ], [ -93.116824521406912, 45.088341865177483 ], [ -93.123248627913654, 45.088444111374933 ], [ -93.126641344003886, 45.091205085517146 ], [ -93.127201625256731, 45.108165548076897 ], [ -93.111940807049976, 45.108259197981887 ], [ -93.111967436036053, 45.111936765999232 ], [ -93.106805961659134, 45.111985417537433 ], [ -93.106874798284011, 45.115670310979581 ], [ -93.097058047795187, 45.115471049615643 ], [ -93.097061962047334, 45.119103636952467 ], [ -93.086883964631951, 45.118957859479977 ], [ -93.086859145481256, 45.124087272072011 ], [ -93.070974854192016, 45.124300148598486 ], [ -93.070676915904002, 45.131362304374676 ], [ -93.067402745979308, 45.131330627085838 ], [ -93.067375383399096, 45.135527163077171 ], [ -93.060881053725936, 45.135467291726769 ], [ -93.060431790611844, 45.138585077326994 ], [ -93.050146374473812, 45.138487108473164 ], [ -93.050122899437568, 45.141925671139191 ], [ -93.045042457376852, 45.141858121799736 ], [ -93.044960530514047, 45.145799562586582 ], [ -93.028709504289168, 45.145685071398844 ], [ -93.028295355646847, 45.139605675933595 ], [ -93.038222427755443, 45.138518761723446 ], [ -93.049752479097094, 45.124818199668852 ], [ -93.048119285583411, 45.108207603802441 ], [ -93.044005988996531, 45.108235659521746 ], [ -93.043973689560303, 45.104585093348653 ], [ -93.035859818326244, 45.104574835238246 ], [ -93.035720291119176, 45.097443426919632 ], [ -93.030610889828154, 45.097423983341102 ], [ -93.030605458240146, 45.093767853247876 ], [ -93.019953233337162, 45.094729140746459 ], [ -93.014114415747883, 45.093696470647515 ], [ -93.014110800961035, 45.091883203794794 ], [ -93.008727410330437, 45.09199670720885 ], [ -93.00906968687147, 45.090906526890578 ], [ -93.00768314700143, 45.090905752710341 ], [ -93.008988218853844, 45.086525929967387 ], [ -93.011621847066365, 45.083351022016487 ], [ -93.01612106304097, 45.082792185989391 ], [ -93.017137166272249, 45.079279780984514 ], [ -93.015607783403709, 45.07929287640831 ], [ -93.018164953907302, 45.075670717709116 ], [ -93.010322752616801, 45.069473892242776 ], [ -93.011579584624101, 45.067599341039852 ], [ -93.010284427457478, 45.064723615008909 ], [ -93.000117928508814, 45.064724519094163 ], [ -93.000028832158819, 45.06106679666081 ] ] ] } }
]
}
